start_time,end_time,instrument,note,start_beat,end_beat,note_value,Instrument Group,Time Chunks
7133,23005,41,79,0.0,0.479166666667,Sixteenth,3,[1]
23518,32222,41,82,0.5,0.479166666667,Sixteenth,3,[1]
32222,40414,41,79,1.0,0.479166666667,Sixteenth,3,[1]
40414,45022,41,74,1.5,0.479166666667,Sixteenth,3,[1]
45534,51678,41,79,2.0,0.479166666667,Sixteenth,3,[1]
52190,57822,41,74,2.5,0.479166666667,Sixteenth,3,[1]
57822,63454,41,70,3.0,0.479166666667,Sixteenth,3,[1]
63966,69598,41,74,3.5,0.479166666667,Sixteenth,3,[1]
69598,75230,41,70,4.0,0.479166666667,Sixteenth,3,[1]
75230,80350,41,67,4.5,0.479166666667,Sixteenth,3,[1]
80350,84958,41,70,5.0,0.479166666667,Sixteenth,3,[1]
85470,90078,41,67,5.5,0.479166666667,Sixteenth,3,"[1, 2]"
90078,95198,41,62,6.0,0.479166666667,Sixteenth,3,[2]
95198,99806,41,67,6.5,0.479166666667,Sixteenth,3,[2]
99806,104926,41,62,7.0,0.479166666667,Sixteenth,3,[2]
104926,109534,41,58,7.5,0.479166666667,Sixteenth,3,[2]
110046,115165,41,62,8.0,0.479166666667,Sixteenth,3,[2]
115678,120286,41,58,8.5,0.479166666667,Sixteenth,3,[2]
120286,125406,41,55,9.0,0.479166666667,Sixteenth,3,[2]
125406,129501,41,58,9.5,0.479166666667,Sixteenth,3,[2]
130014,134110,41,62,10.0,0.479166666667,Sixteenth,3,[2]
134622,138718,41,67,10.5,0.479166666667,Sixteenth,3,[2]
138718,144350,41,70,11.0,0.479166666667,Sixteenth,3,[2]
144350,149470,41,74,11.5,0.479166666667,Sixteenth,3,[2]
149982,155102,41,79,12.0,0.479166666667,Sixteenth,3,[2]
155614,161246,41,74,12.5,0.479166666667,Sixteenth,3,[2]
161246,166878,41,72,13.0,0.479166666667,Sixteenth,3,[2]
166878,173534,41,70,13.5,0.479166666667,Sixteenth,3,"[2, 3]"
173534,178654,41,69,14.0,0.479166666667,Sixteenth,3,[3]
179166,184286,41,67,14.5,0.479166666667,Sixteenth,3,[3]
184798,189405,41,66,15.0,0.479166666667,Sixteenth,3,[3]
189405,195037,41,62,15.5,0.479166666667,Sixteenth,3,[3]
195037,200158,41,66,16.0,0.479166666667,Sixteenth,3,[3]
200669,205790,41,69,16.5,0.479166666667,Sixteenth,3,[3]
206302,211934,41,74,17.0,0.479166666667,Sixteenth,3,[3]
211934,218077,41,78,17.5,0.479166666667,Sixteenth,3,[3]
218077,223198,41,81,18.0,0.479166666667,Sixteenth,3,[3]
223709,229854,41,75,18.5,0.479166666667,Sixteenth,3,[3]
230366,235486,41,74,19.0,0.479166666667,Sixteenth,3,[3]
235486,241118,41,72,19.5,0.479166666667,Sixteenth,3,[3]
241118,246238,41,70,20.0,0.479166666667,Sixteenth,3,[3]
246749,251870,41,69,20.5,0.479166666667,Sixteenth,3,[3]
252381,257502,41,67,21.0,0.479166666667,Sixteenth,3,[3]
257502,263134,41,62,21.5,0.479166666667,Sixteenth,3,"[3, 4]"
263134,268254,41,67,22.0,0.479166666667,Sixteenth,3,[4]
268254,273374,41,70,22.5,0.479166666667,Sixteenth,3,[4]
273886,278494,41,74,23.0,0.479166666667,Sixteenth,3,[4]
279006,284126,41,79,23.5,0.479166666667,Sixteenth,3,[4]
284126,289246,41,82,24.0,0.479166666667,Sixteenth,3,[4]
289246,294366,41,79,24.5,0.479166666667,Sixteenth,3,[4]
294878,298974,41,75,25.0,0.479166666667,Sixteenth,3,[4]
299486,304094,41,72,25.5,0.479166666667,Sixteenth,3,[4]
304094,309726,41,75,26.0,0.479166666667,Sixteenth,3,[4]
309726,314846,41,79,26.5,0.479166666667,Sixteenth,3,[4]
315358,320478,41,81,27.0,0.479166666667,Sixteenth,3,[4]
320990,326110,41,77,27.5,0.479166666667,Sixteenth,3,[4]
326110,330718,41,74,28.0,0.479166666667,Sixteenth,3,[4]
330718,336350,41,70,28.5,0.479166666667,Sixteenth,3,[4]
336350,341470,41,74,29.0,0.479166666667,Sixteenth,3,[4]
341982,346078,41,77,29.5,0.479166666667,Sixteenth,3,"[4, 5]"
346590,351710,41,79,30.0,0.479166666667,Sixteenth,3,[5]
351710,357342,41,75,30.5,0.479166666667,Sixteenth,3,[5]
357342,362462,41,72,31.0,0.479166666667,Sixteenth,3,[5]
362974,367582,41,69,31.5,0.479166666667,Sixteenth,3,[5]
368094,373214,41,72,32.0,0.479166666667,Sixteenth,3,[5]
373214,378846,41,75,32.5,0.479166666667,Sixteenth,3,[5]
378846,386014,41,62,33.0,0.479166666667,Sixteenth,3,[5]
387550,393182,41,79,33.5,0.479166666667,Sixteenth,3,[5]
393694,398814,41,78,34.0,0.479166666667,Sixteenth,3,[5]
398814,404446,41,79,34.5,0.479166666667,Sixteenth,3,[5]
404446,409566,41,81,35.0,0.479166666667,Sixteenth,3,[5]
410078,415198,41,72,35.5,0.479166666667,Sixteenth,3,[5]
415710,420830,41,67,36.0,0.479166666667,Sixteenth,3,[5]
420830,426462,41,72,36.5,0.479166666667,Sixteenth,3,[5]
426462,432094,41,70,37.0,0.479166666667,Sixteenth,3,"[5, 6]"
432094,437214,41,72,37.5,0.479166666667,Sixteenth,3,[6]
438238,443358,41,74,38.0,0.479166666667,Sixteenth,3,[6]
443870,448990,41,65,38.5,0.479166666667,Sixteenth,3,[6]
448990,454109,41,60,39.0,0.479166666667,Sixteenth,3,[6]
454109,458718,41,77,39.5,0.479166666667,Sixteenth,3,[6]
459230,463837,41,76,40.0,0.479166666667,Sixteenth,3,[6]
464350,468958,41,77,40.5,0.479166666667,Sixteenth,3,[6]
468958,474590,41,79,41.0,0.479166666667,Sixteenth,3,[6]
474590,479197,41,70,41.5,0.479166666667,Sixteenth,3,[6]
479710,484318,41,65,42.0,0.479166666667,Sixteenth,3,[6]
484829,489950,41,70,42.5,0.479166666667,Sixteenth,3,[6]
489950,495070,41,69,43.0,0.479166666667,Sixteenth,3,[6]
495070,500702,41,70,43.5,0.479166666667,Sixteenth,3,[6]
500702,505821,41,72,44.0,0.479166666667,Sixteenth,3,[6]
506334,511966,41,63,44.5,0.479166666667,Sixteenth,3,[6]
512478,517598,41,58,45.0,0.479166666667,Sixteenth,3,"[6, 7]"
517598,523230,41,75,45.5,0.479166666667,Sixteenth,3,[7]
523230,528350,41,74,46.0,0.479166666667,Sixteenth,3,[7]
528862,533982,41,75,46.5,0.479166666667,Sixteenth,3,[7]
534494,539614,41,77,47.0,0.479166666667,Sixteenth,3,[7]
539614,545246,41,68,47.5,0.479166666667,Sixteenth,3,[7]
545246,550878,41,63,48.0,0.479166666667,Sixteenth,3,[7]
551390,556510,41,58,48.5,0.479166666667,Sixteenth,3,[7]
557022,562142,41,63,49.0,0.479166666667,Sixteenth,3,[7]
562142,567774,41,67,49.5,0.479166666667,Sixteenth,3,[7]
567774,572382,41,63,50.0,0.479166666667,Sixteenth,3,[7]
572894,577502,41,67,50.5,0.479166666667,Sixteenth,3,[7]
578014,583134,41,72,51.0,0.479166666667,Sixteenth,3,[7]
583134,589278,41,67,51.5,0.479166666667,Sixteenth,3,[7]
589278,594910,41,72,52.0,0.479166666667,Sixteenth,3,[7]
594910,599518,41,75,52.5,0.479166666667,Sixteenth,3,[7]
600030,604638,41,72,53.0,0.479166666667,Sixteenth,3,"[7, 8]"
605150,609758,41,75,53.5,0.479166666667,Sixteenth,3,[8]
609758,615390,41,65,54.0,0.479166666667,Sixteenth,3,[8]
615390,620510,41,60,54.5,0.479166666667,Sixteenth,3,[8]
621022,626142,41,65,55.0,0.479166666667,Sixteenth,3,[8]
626654,632286,41,69,55.5,0.479166666667,Sixteenth,3,[8]
632286,637918,41,65,56.0,0.479166666667,Sixteenth,3,[8]
637918,643038,41,69,56.5,0.479166666667,Sixteenth,3,[8]
643550,648670,41,74,57.0,0.479166666667,Sixteenth,3,[8]
649182,654302,41,69,57.5,0.479166666667,Sixteenth,3,[8]
654302,659422,41,74,58.0,0.479166666667,Sixteenth,3,[8]
659422,665054,41,77,58.5,0.479166666667,Sixteenth,3,[8]
665054,669662,41,74,59.0,0.479166666667,Sixteenth,3,[8]
670174,674782,41,77,59.5,0.479166666667,Sixteenth,3,[8]
675294,679902,41,67,60.0,0.479166666667,Sixteenth,3,[8]
679902,685022,41,62,60.5,0.479166666667,Sixteenth,3,[8]
685022,689118,41,67,61.0,0.479166666667,Sixteenth,3,[8]
689630,694750,41,70,61.5,0.479166666667,Sixteenth,3,[9]
695262,699870,41,67,62.0,0.479166666667,Sixteenth,3,[9]
699870,705502,41,70,62.5,0.479166666667,Sixteenth,3,[9]
705502,709598,41,75,63.0,0.479166666667,Sixteenth,3,[9]
710110,715230,41,70,63.5,0.479166666667,Sixteenth,3,[9]
715742,719326,41,75,64.0,0.479166666667,Sixteenth,3,[9]
719326,724446,41,79,64.5,0.479166666667,Sixteenth,3,[9]
724446,728542,41,75,65.0,0.479166666667,Sixteenth,3,[9]
729054,734174,41,79,65.5,0.479166666667,Sixteenth,3,[9]
734686,738270,41,69,66.0,0.479166666667,Sixteenth,3,[9]
738270,743902,41,65,66.5,0.479166666667,Sixteenth,3,[9]
743902,748509,41,69,67.0,0.479166666667,Sixteenth,3,[9]
748509,753118,41,72,67.5,0.479166666667,Sixteenth,3,[9]
753118,758238,41,69,68.0,0.479166666667,Sixteenth,3,[9]
758750,762846,41,72,68.5,0.479166666667,Sixteenth,3,[9]
762846,768478,41,77,69.0,0.479166666667,Sixteenth,3,[9]
768478,773086,41,72,69.5,0.479166666667,Sixteenth,3,[9]
773597,778718,41,77,70.0,0.479166666667,Sixteenth,3,"[9, 10]"
779229,784350,41,81,70.5,0.479166666667,Sixteenth,3,[10]
784350,789470,41,77,71.0,0.479166666667,Sixteenth,3,[10]
789470,794590,41,81,71.5,0.479166666667,Sixteenth,3,[10]
795102,800222,41,70,72.0,0.479166666667,Sixteenth,3,[10]
800734,805342,41,72,72.5,0.479166666667,Sixteenth,3,[10]
805342,810462,41,74,73.0,0.479166666667,Sixteenth,3,[10]
810462,816094,41,82,73.5,0.479166666667,Sixteenth,3,[10]
816094,821213,41,81,74.0,0.479166666667,Sixteenth,3,[10]
821726,826845,41,82,74.5,0.479166666667,Sixteenth,3,[10]
827358,833502,41,72,75.0,0.479166666667,Sixteenth,3,[10]
833502,839646,41,74,75.5,0.479166666667,Sixteenth,3,[10]
839646,844766,41,75,76.0,0.479166666667,Sixteenth,3,[10]
845278,850398,41,82,76.5,0.479166666667,Sixteenth,3,[10]
850910,856542,41,81,77.0,0.479166666667,Sixteenth,3,[10]
856542,862174,41,82,77.5,0.479166666667,Sixteenth,3,"[10, 11]"
862174,866270,41,74,78.0,0.479166666667,Sixteenth,3,[11]
866782,871389,41,75,78.5,0.479166666667,Sixteenth,3,[11]
871902,877021,41,77,79.0,0.479166666667,Sixteenth,3,[11]
877021,881630,41,82,79.5,0.479166666667,Sixteenth,3,[11]
881630,886750,41,81,80.0,0.479166666667,Sixteenth,3,[11]
887262,892382,41,82,80.5,0.479166666667,Sixteenth,3,[11]
892894,897502,41,75,81.0,0.479166666667,Sixteenth,3,[11]
897502,902622,41,77,81.5,0.479166666667,Sixteenth,3,[11]
902622,908254,41,79,82.0,0.479166666667,Sixteenth,3,[11]
908254,913373,41,82,82.5,0.479166666667,Sixteenth,3,[11]
913886,919005,41,81,83.0,0.479166666667,Sixteenth,3,[11]
919518,925150,41,82,83.5,0.479166666667,Sixteenth,3,[11]
925150,930782,41,69,84.0,0.479166666667,Sixteenth,3,[11]
930782,935901,41,72,84.5,0.479166666667,Sixteenth,3,[11]
937438,943070,41,75,85.0,0.479166666667,Sixteenth,3,[11]
943582,948702,41,79,85.5,0.479166666667,Sixteenth,3,"[11, 12]"
948702,954334,41,77,86.0,0.479166666667,Sixteenth,3,[12]
954334,959454,41,75,86.5,0.479166666667,Sixteenth,3,[12]
959966,965598,41,74,87.0,0.479166666667,Sixteenth,3,[12]
966110,971742,41,70,87.5,0.479166666667,Sixteenth,3,[12]
971742,977374,41,75,88.0,0.479166666667,Sixteenth,3,[12]
977374,984030,41,70,88.5,0.479166666667,Sixteenth,3,[12]
984030,989150,41,77,89.0,0.479166666667,Sixteenth,3,[12]
989662,994782,41,68,89.5,0.479166666667,Sixteenth,3,[12]
995294,999902,41,67,90.0,0.479166666667,Sixteenth,3,[12]
999902,1005022,41,69,90.5,0.479166666667,Sixteenth,3,[12]
1005022,1010142,41,70,91.0,0.479166666667,Sixteenth,3,[12]
1010654,1015774,41,62,91.5,0.479166666667,Sixteenth,3,[12]
1016286,1022429,41,60,92.0,0.479166666667,Sixteenth,3,[12]
1022429,1030622,41,69,92.5,0.479166666667,Sixteenth,3,[12]
1030622,1041374,41,58,93.0,0.479166666667,Sixteenth,3,"[12, 13]"
1041886,1048030,41,62,93.5,0.479166666667,Sixteenth,3,[13]
1048542,1053662,41,60,94.0,0.479166666667,Sixteenth,3,[13]
1053662,1059294,41,58,94.5,0.479166666667,Sixteenth,3,[13]
1059294,1064926,41,57,95.0,0.479166666667,Sixteenth,3,[13]
1065438,1070558,41,55,95.5,0.479166666667,Sixteenth,3,[13]
1071070,1076702,41,57,96.0,0.479166666667,Sixteenth,3,[13]
1076702,1082846,41,67,96.5,0.479166666667,Sixteenth,3,[13]
1082846,1089502,41,66,97.0,0.479166666667,Sixteenth,3,[13]
1089502,1095134,41,64,97.5,0.479166666667,Sixteenth,3,[13]
1095646,1101278,41,62,98.0,0.479166666667,Sixteenth,3,[13]
1101790,1107934,41,72,98.5,0.479166666667,Sixteenth,3,[13]
1107934,1113566,41,70,99.0,0.479166666667,Sixteenth,3,[13]
1113566,1119198,41,69,99.5,0.479166666667,Sixteenth,3,[13]
1119710,1126878,41,67,100.0,0.479166666667,Sixteenth,3,"[13, 14]"
1127902,1133022,41,77,100.5,0.479166666667,Sixteenth,3,[14]
1133022,1138654,41,76,101.0,0.479166666667,Sixteenth,3,[14]
1138654,1144286,41,74,101.5,0.479166666667,Sixteenth,3,[14]
1144798,1150942,41,73,102.0,0.479166666667,Sixteenth,3,[14]
1151454,1156574,41,82,102.5,0.479166666667,Sixteenth,3,[14]
1156574,1162206,41,81,103.0,0.479166666667,Sixteenth,3,[14]
1162206,1168350,41,79,103.5,0.479166666667,Sixteenth,3,[14]
1168350,1173982,41,77,104.0,0.479166666667,Sixteenth,3,[14]
1174494,1180638,41,76,104.5,0.479166666667,Sixteenth,3,[14]
1180638,1186270,41,77,105.0,0.479166666667,Sixteenth,3,[14]
1186270,1191902,41,74,105.5,0.479166666667,Sixteenth,3,[14]
1191902,1197022,41,79,106.0,0.479166666667,Sixteenth,3,[14]
1197534,1204702,41,74,106.5,0.479166666667,Sixteenth,3,[14]
1205726,1211870,41,81,107.0,0.479166666667,Sixteenth,3,"[14, 15]"
1211870,1220062,41,72,107.5,0.479166666667,Sixteenth,3,[15]
1220062,1228254,41,70,108.0,0.479166666667,Sixteenth,3,[15]
1228766,1234398,41,81,108.5,0.479166666667,Sixteenth,3,[15]
1234910,1240030,41,79,109.0,0.479166666667,Sixteenth,3,[15]
1240030,1245662,41,77,109.5,0.479166666667,Sixteenth,3,[15]
1245662,1250782,41,76,110.0,0.479166666667,Sixteenth,3,[15]
1251294,1256414,41,74,110.5,0.479166666667,Sixteenth,3,[15]
1256926,1261022,41,76,111.0,0.479166666667,Sixteenth,3,[15]
1261022,1267166,41,72,111.5,0.479166666667,Sixteenth,3,[15]
1267166,1272798,41,77,112.0,0.479166666667,Sixteenth,3,[15]
1272798,1278942,41,72,112.5,0.479166666667,Sixteenth,3,[15]
1279454,1285086,41,79,113.0,0.479166666667,Sixteenth,3,[15]
1285598,1290718,41,70,113.5,0.479166666667,Sixteenth,3,[15]
1290718,1298398,41,69,114.0,0.479166666667,Sixteenth,3,"[15, 16]"
1298398,1303518,41,79,114.5,0.479166666667,Sixteenth,3,[16]
1304030,1309150,41,77,115.0,0.479166666667,Sixteenth,3,[16]
1309662,1315294,41,76,115.5,0.479166666667,Sixteenth,3,[16]
1315294,1320926,41,74,116.0,0.479166666667,Sixteenth,3,[16]
1320926,1326558,41,73,116.5,0.479166666667,Sixteenth,3,[16]
1327070,1331678,41,74,117.0,0.479166666667,Sixteenth,3,[16]
1332190,1336798,41,70,117.5,0.479166666667,Sixteenth,3,[16]
1336798,1342430,41,76,118.0,0.479166666667,Sixteenth,3,[16]
1342430,1348062,41,70,118.5,0.479166666667,Sixteenth,3,[16]
1348062,1353182,41,77,119.0,0.479166666667,Sixteenth,3,[16]
1353694,1359326,41,69,119.5,0.479166666667,Sixteenth,3,[16]
1359326,1364958,41,67,120.0,0.479166666667,Sixteenth,3,[16]
1364958,1370590,41,77,120.5,0.479166666667,Sixteenth,3,[16]
1370590,1375710,41,76,121.0,0.479166666667,Sixteenth,3,[16]
1376222,1381342,41,74,121.5,0.479166666667,Sixteenth,3,"[16, 17]"
1381854,1387486,41,73,122.0,0.479166666667,Sixteenth,3,[17]
1387486,1394142,41,71,122.5,0.479166666667,Sixteenth,3,[17]
1394142,1399774,41,73,123.0,0.479166666667,Sixteenth,3,[17]
1400286,1405406,41,69,123.5,0.479166666667,Sixteenth,3,[17]
1405918,1411038,41,74,124.0,0.479166666667,Sixteenth,3,[17]
1411038,1416158,41,69,124.5,0.479166666667,Sixteenth,3,[17]
1416158,1421278,41,76,125.0,0.479166666667,Sixteenth,3,[17]
1421790,1425886,41,67,125.5,0.479166666667,Sixteenth,3,[17]
1426398,1431518,41,65,126.0,0.479166666667,Sixteenth,3,[17]
1431518,1436638,41,74,126.5,0.479166666667,Sixteenth,3,[17]
1436638,1441246,41,70,127.0,0.479166666667,Sixteenth,3,[17]
1441246,1446365,41,67,127.5,0.479166666667,Sixteenth,3,[17]
1446878,1451997,41,64,128.0,0.479166666667,Sixteenth,3,[17]
1452510,1457117,41,72,128.5,0.479166666667,Sixteenth,3,[17]
1457117,1462238,41,62,129.0,0.479166666667,Sixteenth,3,[17]
1462238,1467870,41,70,129.5,0.479166666667,Sixteenth,3,"[17, 18]"
1468381,1473502,41,67,130.0,0.479166666667,Sixteenth,3,[18]
1474013,1479134,41,64,130.5,0.479166666667,Sixteenth,3,[18]
1479134,1483742,41,60,131.0,0.479166666667,Sixteenth,3,[18]
1483742,1488862,41,69,131.5,0.479166666667,Sixteenth,3,[18]
1489374,1493982,41,58,132.0,0.479166666667,Sixteenth,3,[18]
1494494,1499102,41,67,132.5,0.479166666667,Sixteenth,3,[18]
1499102,1504734,41,64,133.0,0.479166666667,Sixteenth,3,[18]
1504734,1510878,41,61,133.5,0.479166666667,Sixteenth,3,[18]
1510878,1515998,41,57,134.0,0.479166666667,Sixteenth,3,[18]
1516510,1521630,41,65,134.5,0.479166666667,Sixteenth,3,[18]
1521630,1527262,41,55,135.0,0.479166666667,Sixteenth,3,[18]
1527262,1532894,41,65,135.5,0.479166666667,Sixteenth,3,[18]
1532894,1538014,41,64,136.0,0.479166666667,Sixteenth,3,[18]
1538526,1544158,41,62,136.5,0.479166666667,Sixteenth,3,[18]
1544670,1551326,41,61,137.0,0.479166666667,Sixteenth,3,[18]
1551326,1557470,41,59,137.5,0.479166666667,Sixteenth,3,"[18, 19]"
1557470,1562590,41,57,138.0,0.479166666667,Sixteenth,3,[19]
1563102,1568222,41,62,138.5,0.479166666667,Sixteenth,3,[19]
1568734,1573854,41,61,139.0,0.479166666667,Sixteenth,3,[19]
1573854,1580509,41,64,139.5,0.479166666667,Sixteenth,3,[19]
1580509,1585630,41,62,140.0,0.479166666667,Sixteenth,3,[19]
1586141,1591261,41,65,140.5,0.479166666667,Sixteenth,3,[19]
1591773,1597405,41,57,141.0,0.479166666667,Sixteenth,3,[19]
1597405,1603037,41,64,141.5,0.479166666667,Sixteenth,3,[19]
1603037,1609182,41,62,142.0,0.479166666667,Sixteenth,3,[19]
1609182,1614814,41,65,142.5,0.479166666667,Sixteenth,3,[19]
1615326,1620446,41,64,143.0,0.479166666667,Sixteenth,3,[19]
1620958,1625566,41,67,143.5,0.479166666667,Sixteenth,3,[19]
1625566,1631198,41,57,144.0,0.479166666667,Sixteenth,3,[19]
1631198,1636317,41,65,144.5,0.479166666667,Sixteenth,3,[19]
1636830,1641438,41,64,145.0,0.479166666667,Sixteenth,3,"[19, 20]"
1641438,1646046,41,67,145.5,0.479166666667,Sixteenth,3,[20]
1646046,1651166,41,65,146.0,0.479166666667,Sixteenth,3,[20]
1651166,1656286,41,69,146.5,0.479166666667,Sixteenth,3,[20]
1656798,1661918,41,58,147.0,0.479166666667,Sixteenth,3,[20]
1662430,1667550,41,67,147.5,0.479166666667,Sixteenth,3,[20]
1667550,1672670,41,66,148.0,0.479166666667,Sixteenth,3,[20]
1672670,1678302,41,69,148.5,0.479166666667,Sixteenth,3,[20]
1678302,1682910,41,67,149.0,0.479166666667,Sixteenth,3,[20]
1683422,1689566,41,70,149.5,0.479166666667,Sixteenth,3,[20]
1689566,1695710,41,61,150.0,0.479166666667,Sixteenth,3,[20]
1695710,1702878,41,70,150.5,0.479166666667,Sixteenth,3,[20]
1702878,1709534,41,69,151.0,0.479166666667,Sixteenth,3,[20]
1710046,1715166,41,67,151.5,0.479166666667,Sixteenth,3,[20]
1715678,1720798,41,65,152.0,0.479166666667,Sixteenth,3,[20]
1720798,1726942,41,64,152.5,0.479166666667,Sixteenth,3,"[20, 21]"
1726942,1734110,41,65,153.0,0.479166666667,Sixteenth,3,[21]
1734622,1740254,41,62,153.5,0.479166666667,Sixteenth,3,[21]
1740766,1746910,41,65,154.0,0.479166666667,Sixteenth,3,[21]
1746910,1753054,41,69,154.5,0.479166666667,Sixteenth,3,[21]
1753054,1758686,41,74,155.0,0.479166666667,Sixteenth,3,[21]
1759197,1764318,41,77,155.5,0.479166666667,Sixteenth,3,[21]
1764829,1769950,41,81,156.0,0.479166666667,Sixteenth,3,[21]
1770461,1778142,41,77,156.5,0.479166666667,Sixteenth,3,[21]
1778142,1787870,41,69,157.0,0.479166666667,Sixteenth,3,[21]
1794526,1808862,41,73,158.0,0.979166666667,Eighth,3,[21]
1794526,1808862,41,67,158.0,0.979166666667,Eighth,3,[21]
1794526,1808862,41,57,158.0,0.979166666667,Eighth,3,[21]
1808862,1863646,41,74,159.0,2.97916666667,Dotted Quarter,3,"[21, 22]"
1808862,1863646,41,66,159.0,2.97916666667,Dotted Quarter,3,"[21, 22]"
1808862,1863646,41,62,159.0,2.97916666667,Dotted Quarter,3,"[21, 22]"
1864158,1873886,41,79,162.0,0.479166666667,Sixteenth,3,[22]
1873886,1879518,41,82,162.5,0.479166666667,Sixteenth,3,[22]
1880030,1887198,41,79,163.0,0.479166666667,Sixteenth,3,[22]
1887198,1892830,41,74,163.5,0.479166666667,Sixteenth,3,[22]
1892830,1897950,41,79,164.0,0.479166666667,Sixteenth,3,"[22, 23]"
1898462,1903582,41,74,164.5,0.479166666667,Sixteenth,3,[23]
1904094,1908702,41,70,165.0,0.479166666667,Sixteenth,3,[23]
1908702,1913822,41,74,165.5,0.479166666667,Sixteenth,3,[23]
1913822,1918942,41,70,166.0,0.479166666667,Sixteenth,3,[23]
1919454,1924574,41,67,166.5,0.479166666667,Sixteenth,3,[23]
1925086,1930206,41,70,167.0,0.479166666667,Sixteenth,3,[23]
1930206,1935838,41,67,167.5,0.479166666667,Sixteenth,3,[23]
1935838,1941470,41,62,168.0,0.479166666667,Sixteenth,3,[23]
1941470,1945566,41,67,168.5,0.479166666667,Sixteenth,3,[23]
1946078,1950686,41,62,169.0,0.479166666667,Sixteenth,3,[23]
1951198,1955806,41,58,169.5,0.479166666667,Sixteenth,3,[23]
1955806,1961438,41,62,170.0,0.479166666667,Sixteenth,3,[23]
1961438,1966557,41,58,170.5,0.479166666667,Sixteenth,3,[23]
1967070,1972189,41,55,171.0,0.479166666667,Sixteenth,3,[23]
1972702,1976798,41,58,171.5,0.479166666667,Sixteenth,3,[23]
1976798,1982430,41,62,172.0,0.479166666667,Sixteenth,3,[23]
1982430,1987550,41,67,172.5,0.479166666667,Sixteenth,3,"[23, 24]"
1988062,1992670,41,70,173.0,0.479166666667,Sixteenth,3,[24]
1993182,1998302,41,74,173.5,0.479166666667,Sixteenth,3,[24]
1998302,2003934,41,79,174.0,0.479166666667,Sixteenth,3,[24]
2003934,2009566,41,74,174.5,0.479166666667,Sixteenth,3,[24]
2009566,2014686,41,72,175.0,0.479166666667,Sixteenth,3,[24]
2015198,2020318,41,70,175.5,0.479166666667,Sixteenth,3,[24]
2020830,2026462,41,69,176.0,0.479166666667,Sixteenth,3,[24]
2026462,2032094,41,67,176.5,0.479166666667,Sixteenth,3,[24]
2032094,2037214,41,66,177.0,0.479166666667,Sixteenth,3,[24]
2037726,2042846,41,62,177.5,0.479166666667,Sixteenth,3,[24]
2043358,2048478,41,66,178.0,0.479166666667,Sixteenth,3,[24]
2048478,2054110,41,69,178.5,0.479166666667,Sixteenth,3,[24]
2054110,2058718,41,74,179.0,0.479166666667,Sixteenth,3,[24]
2059230,2064350,41,78,179.5,0.479166666667,Sixteenth,3,[24]
2064862,2069982,41,81,180.0,0.479166666667,Sixteenth,3,"[24, 25]"
2069982,2075614,41,75,180.5,0.479166666667,Sixteenth,3,[25]
2075614,2080734,41,74,181.0,0.479166666667,Sixteenth,3,[25]
2081246,2086878,41,72,181.5,0.479166666667,Sixteenth,3,[25]
2087390,2092510,41,70,182.0,0.479166666667,Sixteenth,3,[25]
2092510,2098142,41,69,182.5,0.479166666667,Sixteenth,3,[25]
2098142,2103774,41,67,183.0,0.479166666667,Sixteenth,3,[25]
2103774,2108894,41,62,183.5,0.479166666667,Sixteenth,3,[25]
2109406,2114014,41,67,184.0,0.479166666667,Sixteenth,3,[25]
2114526,2119134,41,70,184.5,0.479166666667,Sixteenth,3,[25]
2119134,2123742,41,74,185.0,0.479166666667,Sixteenth,3,[25]
2123742,2128862,41,79,185.5,0.479166666667,Sixteenth,3,[25]
2129374,2134494,41,82,186.0,0.479166666667,Sixteenth,3,[25]
2135006,2140126,41,79,186.5,0.479166666667,Sixteenth,3,[25]
2140126,2145758,41,75,187.0,0.479166666667,Sixteenth,3,[25]
2145758,2150878,41,72,187.5,0.479166666667,Sixteenth,3,[25]
2151390,2156510,41,75,188.0,0.479166666667,Sixteenth,3,"[25, 26]"
2157022,2162142,41,79,188.5,0.479166666667,Sixteenth,3,[26]
2162142,2167774,41,81,189.0,0.479166666667,Sixteenth,3,[26]
2167774,2173406,41,77,189.5,0.479166666667,Sixteenth,3,[26]
2173406,2178526,41,74,190.0,0.479166666667,Sixteenth,3,[26]
2179038,2184158,41,70,190.5,0.479166666667,Sixteenth,3,[26]
2184670,2188254,41,74,191.0,0.479166666667,Sixteenth,3,[26]
2188254,2193886,41,77,191.5,0.479166666667,Sixteenth,3,[26]
2193886,2199006,41,79,192.0,0.479166666667,Sixteenth,3,[26]
2199518,2204638,41,75,192.5,0.479166666667,Sixteenth,3,[26]
2205150,2210270,41,72,193.0,0.479166666667,Sixteenth,3,[26]
2210270,2215902,41,69,193.5,0.479166666667,Sixteenth,3,[26]
2215902,2221022,41,72,194.0,0.479166666667,Sixteenth,3,[26]
2221534,2226654,41,75,194.5,0.479166666667,Sixteenth,3,[26]
2227166,2233822,41,62,195.0,0.479166666667,Sixteenth,3,[26]
2233822,2239966,41,79,195.5,0.479166666667,Sixteenth,3,[26]
2239966,2245086,41,78,196.0,0.479166666667,Sixteenth,3,"[26, 27]"
2245598,2250718,41,79,196.5,0.479166666667,Sixteenth,3,[27]
2251230,2256350,41,81,197.0,0.479166666667,Sixteenth,3,[27]
2256350,2262494,41,72,197.5,0.479166666667,Sixteenth,3,[27]
2262494,2268126,41,67,198.0,0.479166666667,Sixteenth,3,[27]
2268126,2273246,41,72,198.5,0.479166666667,Sixteenth,3,[27]
2273758,2278878,41,70,199.0,0.479166666667,Sixteenth,3,[27]
2279390,2284510,41,72,199.5,0.479166666667,Sixteenth,3,[27]
2284510,2290142,41,74,200.0,0.479166666667,Sixteenth,3,[27]
2290142,2295774,41,65,200.5,0.479166666667,Sixteenth,3,[27]
2296798,2301918,41,60,201.0,0.479166666667,Sixteenth,3,[27]
2302430,2307550,41,77,201.5,0.479166666667,Sixteenth,3,[27]
2307550,2313182,41,76,202.0,0.479166666667,Sixteenth,3,[27]
2313182,2318302,41,77,202.5,0.479166666667,Sixteenth,3,[27]
2318814,2323934,41,79,203.0,0.479166666667,Sixteenth,3,[27]
2324446,2329566,41,70,203.5,0.479166666667,Sixteenth,3,"[27, 28]"
2329566,2335198,41,65,204.0,0.479166666667,Sixteenth,3,[28]
2335198,2340830,41,70,204.5,0.479166666667,Sixteenth,3,[28]
2340830,2345950,41,69,205.0,0.479166666667,Sixteenth,3,[28]
2346462,2351582,41,70,205.5,0.479166666667,Sixteenth,3,[28]
2352094,2357726,41,72,206.0,0.479166666667,Sixteenth,3,[28]
2357726,2363870,41,63,206.5,0.479166666667,Sixteenth,3,[28]
2363870,2370014,41,58,207.0,0.479166666667,Sixteenth,3,[28]
2370526,2375646,41,75,207.5,0.479166666667,Sixteenth,3,[28]
2376158,2381278,41,74,208.0,0.479166666667,Sixteenth,3,[28]
2381278,2386910,41,75,208.5,0.479166666667,Sixteenth,3,[28]
2386910,2392030,41,77,209.0,0.479166666667,Sixteenth,3,[28]
2392542,2397662,41,68,209.5,0.479166666667,Sixteenth,3,[28]
2398174,2403806,41,63,210.0,0.479166666667,Sixteenth,3,[28]
2403806,2409438,41,58,210.5,0.479166666667,Sixteenth,3,[28]
2409438,2414558,41,63,211.0,0.479166666667,Sixteenth,3,"[28, 29]"
2415070,2420190,41,67,211.5,0.479166666667,Sixteenth,3,[29]
2420702,2425822,41,63,212.0,0.479166666667,Sixteenth,3,[29]
2425822,2430942,41,67,212.5,0.479166666667,Sixteenth,3,[29]
2430942,2436574,41,72,213.0,0.479166666667,Sixteenth,3,[29]
2436574,2441694,41,67,213.5,0.479166666667,Sixteenth,3,[29]
2442206,2447326,41,72,214.0,0.479166666667,Sixteenth,3,[29]
2447838,2453470,41,75,214.5,0.479166666667,Sixteenth,3,[29]
2453470,2459102,41,72,215.0,0.479166666667,Sixteenth,3,[29]
2459102,2464222,41,75,215.5,0.479166666667,Sixteenth,3,[29]
2464734,2469854,41,65,216.0,0.479166666667,Sixteenth,3,[29]
2470366,2475486,41,60,216.5,0.479166666667,Sixteenth,3,[29]
2475486,2480606,41,65,217.0,0.479166666667,Sixteenth,3,[29]
2480606,2485726,41,69,217.5,0.479166666667,Sixteenth,3,[29]
2486238,2490846,41,65,218.0,0.479166666667,Sixteenth,3,[29]
2491358,2496478,41,69,218.5,0.479166666667,Sixteenth,3,[29]
2496478,2502110,41,74,219.0,0.479166666667,Sixteenth,3,"[29, 30]"
2502110,2507742,41,69,219.5,0.479166666667,Sixteenth,3,[30]
2507742,2513886,41,74,220.0,0.479166666667,Sixteenth,3,[30]
2514398,2519518,41,77,220.5,0.479166666667,Sixteenth,3,[30]
2519518,2525150,41,74,221.0,0.479166666667,Sixteenth,3,[30]
2525150,2530782,41,77,221.5,0.479166666667,Sixteenth,3,[30]
2530782,2535902,41,67,222.0,0.479166666667,Sixteenth,3,[30]
2536414,2541534,41,62,222.5,0.479166666667,Sixteenth,3,[30]
2542046,2547166,41,67,223.0,0.479166666667,Sixteenth,3,[30]
2547166,2552798,41,70,223.5,0.479166666667,Sixteenth,3,[30]
2552798,2557406,41,67,224.0,0.479166666667,Sixteenth,3,[30]
2557918,2561502,41,70,224.5,0.479166666667,Sixteenth,3,[30]
2562014,2566622,41,75,225.0,0.479166666667,Sixteenth,3,[30]
2566622,2572254,41,70,225.5,0.479166666667,Sixteenth,3,[30]
2572254,2577374,41,75,226.0,0.479166666667,Sixteenth,3,[30]
2577886,2583006,41,79,226.5,0.479166666667,Sixteenth,3,[30]
2583518,2587102,41,75,227.0,0.479166666667,Sixteenth,3,"[30, 31]"
2587102,2592734,41,79,227.5,0.479166666667,Sixteenth,3,[31]
2592734,2597342,41,69,228.0,0.479166666667,Sixteenth,3,[31]
2597342,2602462,41,65,228.5,0.479166666667,Sixteenth,3,[31]
2602974,2607070,41,69,229.0,0.479166666667,Sixteenth,3,[31]
2607582,2612190,41,72,229.5,0.479166666667,Sixteenth,3,[31]
2612190,2616798,41,69,230.0,0.479166666667,Sixteenth,3,[31]
2616798,2621406,41,72,230.5,0.479166666667,Sixteenth,3,[31]
2621918,2626526,41,77,231.0,0.479166666667,Sixteenth,3,[31]
2627038,2632158,41,72,231.5,0.479166666667,Sixteenth,3,[31]
2632158,2637790,41,77,232.0,0.479166666667,Sixteenth,3,[31]
2637790,2642910,41,81,232.5,0.479166666667,Sixteenth,3,[31]
2643422,2648542,41,77,233.0,0.479166666667,Sixteenth,3,[31]
2649054,2654174,41,81,233.5,0.479166666667,Sixteenth,3,[31]
2654174,2659806,41,70,234.0,0.479166666667,Sixteenth,3,[31]
2659806,2665950,41,72,234.5,0.479166666667,Sixteenth,3,[31]
2665950,2671070,41,74,235.0,0.479166666667,Sixteenth,3,[31]
2671582,2676702,41,82,235.5,0.479166666667,Sixteenth,3,"[31, 32]"
2676702,2682334,41,81,236.0,0.479166666667,Sixteenth,3,[32]
2682334,2687966,41,82,236.5,0.479166666667,Sixteenth,3,[32]
2687966,2693086,41,72,237.0,0.479166666667,Sixteenth,3,[32]
2694110,2700254,41,74,237.5,0.479166666667,Sixteenth,3,[32]
2700766,2705886,41,75,238.0,0.479166666667,Sixteenth,3,[32]
2705886,2711518,41,82,238.5,0.479166666667,Sixteenth,3,[32]
2711518,2716638,41,81,239.0,0.479166666667,Sixteenth,3,[32]
2717150,2722270,41,82,239.5,0.479166666667,Sixteenth,3,[32]
2723294,2728414,41,74,240.0,0.479166666667,Sixteenth,3,[32]
2728414,2733534,41,75,240.5,0.479166666667,Sixteenth,3,[32]
2733534,2738654,41,77,241.0,0.479166666667,Sixteenth,3,[32]
2739166,2744286,41,82,241.5,0.479166666667,Sixteenth,3,[32]
2744798,2749918,41,81,242.0,0.479166666667,Sixteenth,3,[32]
2749918,2755550,41,82,242.5,0.479166666667,Sixteenth,3,[32]
2755550,2761182,41,75,243.0,0.479166666667,Sixteenth,3,"[32, 33]"
2761182,2765278,41,77,243.5,0.479166666667,Sixteenth,3,[33]
2765790,2770910,41,79,244.0,0.479166666667,Sixteenth,3,[33]
2771422,2776542,41,82,244.5,0.479166666667,Sixteenth,3,[33]
2776542,2782174,41,81,245.0,0.479166666667,Sixteenth,3,[33]
2782174,2787294,41,82,245.5,0.479166666667,Sixteenth,3,[33]
2787806,2792926,41,69,246.0,0.479166666667,Sixteenth,3,[33]
2793438,2798558,41,72,246.5,0.479166666667,Sixteenth,3,[33]
2798558,2804702,41,75,247.0,0.479166666667,Sixteenth,3,[33]
2804702,2809822,41,79,247.5,0.479166666667,Sixteenth,3,[33]
2810334,2815454,41,77,248.0,0.479166666667,Sixteenth,3,[33]
2815966,2821598,41,75,248.5,0.479166666667,Sixteenth,3,[33]
2821598,2827742,41,74,249.0,0.479166666667,Sixteenth,3,[33]
2827742,2833374,41,70,249.5,0.479166666667,Sixteenth,3,[33]
2833374,2838494,41,75,250.0,0.479166666667,Sixteenth,3,[33]
2839006,2844126,41,70,250.5,0.479166666667,Sixteenth,3,[33]
2844126,2849758,41,77,251.0,0.479166666667,Sixteenth,3,"[33, 34]"
2849758,2855902,41,68,251.5,0.479166666667,Sixteenth,3,[34]
2855902,2861022,41,67,252.0,0.479166666667,Sixteenth,3,[34]
2861534,2867678,41,69,252.5,0.479166666667,Sixteenth,3,[34]
2868190,2873310,41,70,253.0,0.479166666667,Sixteenth,3,[34]
2873310,2878942,41,62,253.5,0.479166666667,Sixteenth,3,[34]
2878942,2884062,41,60,254.0,0.479166666667,Sixteenth,3,[34]
2884574,2889694,41,69,254.5,0.479166666667,Sixteenth,3,[34]
2890206,2895326,41,58,255.0,0.479166666667,Sixteenth,3,[34]
2895326,2907614,41,62,255.5,0.479166666667,Sixteenth,3,[34]
2907614,2914270,41,60,256.0,0.479166666667,Sixteenth,3,[34]
2914781,2920413,41,58,256.5,0.479166666667,Sixteenth,3,[34]
2920926,2926045,41,57,257.0,0.479166666667,Sixteenth,3,[34]
2926045,2932702,41,55,257.5,0.479166666667,Sixteenth,3,"[34, 35]"
2932702,2938846,41,57,258.0,0.479166666667,Sixteenth,3,[35]
2938846,2943966,41,67,258.5,0.479166666667,Sixteenth,3,[35]
2944478,2950110,41,66,259.0,0.479166666667,Sixteenth,3,[35]
2950622,2955742,41,64,259.5,0.479166666667,Sixteenth,3,[35]
2955742,2962910,41,62,260.0,0.479166666667,Sixteenth,3,[35]
2962910,2968030,41,72,260.5,0.479166666667,Sixteenth,3,[35]
2968542,2973662,41,70,261.0,0.479166666667,Sixteenth,3,[35]
2974174,2980318,41,69,261.5,0.479166666667,Sixteenth,3,[35]
2980318,2986462,41,67,262.0,0.479166666667,Sixteenth,3,[35]
2986462,2991582,41,77,262.5,0.479166666667,Sixteenth,3,[35]
2992094,2997214,41,76,263.0,0.479166666667,Sixteenth,3,[35]
2997726,3002846,41,74,263.5,0.479166666667,Sixteenth,3,[35]
3002846,3009501,41,73,264.0,0.479166666667,Sixteenth,3,[35]
3009501,3016670,41,82,264.5,0.479166666667,Sixteenth,3,[35]
3016670,3022302,41,81,265.0,0.479166666667,Sixteenth,3,"[35, 36]"
3022814,3028446,41,79,265.5,0.479166666667,Sixteenth,3,[36]
3028446,3034078,41,77,266.0,0.479166666667,Sixteenth,3,[36]
3034078,3040222,41,76,266.5,0.479166666667,Sixteenth,3,[36]
3040222,3047390,41,77,267.0,0.479166666667,Sixteenth,3,[36]
3047901,3054046,41,74,267.5,0.479166666667,Sixteenth,3,[36]
3054557,3059678,41,79,268.0,0.479166666667,Sixteenth,3,[36]
3059678,3065310,41,74,268.5,0.479166666667,Sixteenth,3,[36]
3065310,3070429,41,81,269.0,0.479166666667,Sixteenth,3,[36]
3070942,3076061,41,72,269.5,0.479166666667,Sixteenth,3,[36]
3076574,3081693,41,70,270.0,0.479166666667,Sixteenth,3,[36]
3081693,3089374,41,81,270.5,0.479166666667,Sixteenth,3,[36]
3089374,3094494,41,79,271.0,0.479166666667,Sixteenth,3,[36]
3095006,3100126,41,77,271.5,0.479166666667,Sixteenth,3,[36]
3100638,3105758,41,76,272.0,0.479166666667,Sixteenth,3,"[36, 37]"
3105758,3111390,41,74,272.5,0.479166666667,Sixteenth,3,[37]
3111390,3117022,41,76,273.0,0.479166666667,Sixteenth,3,[37]
3117022,3122142,41,72,273.5,0.479166666667,Sixteenth,3,[37]
3122654,3127774,41,77,274.0,0.479166666667,Sixteenth,3,[37]
3128286,3133406,41,72,274.5,0.479166666667,Sixteenth,3,[37]
3133406,3141086,41,79,275.0,0.479166666667,Sixteenth,3,[37]
3141086,3146206,41,70,275.5,0.479166666667,Sixteenth,3,[37]
3146718,3152862,41,69,276.0,0.479166666667,Sixteenth,3,[37]
3153374,3159006,41,79,276.5,0.479166666667,Sixteenth,3,[37]
3159006,3164638,41,77,277.0,0.479166666667,Sixteenth,3,[37]
3164638,3169758,41,76,277.5,0.479166666667,Sixteenth,3,[37]
3170270,3175902,41,74,278.0,0.479166666667,Sixteenth,3,[37]
3176414,3182046,41,73,278.5,0.479166666667,Sixteenth,3,[37]
3182046,3187678,41,74,279.0,0.479166666667,Sixteenth,3,[37]
3187678,3193310,41,70,279.5,0.479166666667,Sixteenth,3,"[37, 38]"
3193310,3198430,41,76,280.0,0.479166666667,Sixteenth,3,[38]
3198941,3204062,41,70,280.5,0.479166666667,Sixteenth,3,[38]
3204062,3209694,41,77,281.0,0.479166666667,Sixteenth,3,[38]
3209694,3215837,41,69,281.5,0.479166666667,Sixteenth,3,[38]
3215837,3220958,41,67,282.0,0.479166666667,Sixteenth,3,[38]
3221469,3226590,41,77,282.5,0.479166666667,Sixteenth,3,[38]
3227101,3232222,41,76,283.0,0.479166666667,Sixteenth,3,[38]
3232222,3237854,41,74,283.5,0.479166666667,Sixteenth,3,[38]
3237854,3242974,41,73,284.0,0.479166666667,Sixteenth,3,[38]
3243486,3248606,41,71,284.5,0.479166666667,Sixteenth,3,[38]
3249118,3254238,41,73,285.0,0.479166666667,Sixteenth,3,[38]
3254238,3259870,41,69,285.5,0.479166666667,Sixteenth,3,[38]
3259870,3264478,41,74,286.0,0.479166666667,Sixteenth,3,[38]
3264990,3269086,41,69,286.5,0.479166666667,Sixteenth,3,[38]
3269598,3274718,41,76,287.0,0.479166666667,Sixteenth,3,[38]
3274718,3280350,41,67,287.5,0.479166666667,Sixteenth,3,"[38, 39]"
3280350,3285982,41,65,288.0,0.479166666667,Sixteenth,3,[39]
3285982,3290590,41,74,288.5,0.479166666667,Sixteenth,3,[39]
3291102,3296222,41,70,289.0,0.479166666667,Sixteenth,3,[39]
3296734,3301342,41,67,289.5,0.479166666667,Sixteenth,3,[39]
3301342,3306974,41,64,290.0,0.479166666667,Sixteenth,3,[39]
3306974,3312094,41,72,290.5,0.479166666667,Sixteenth,3,[39]
3312606,3317726,41,62,291.0,0.479166666667,Sixteenth,3,[39]
3318238,3322845,41,70,291.5,0.479166666667,Sixteenth,3,[39]
3322845,3327966,41,67,292.0,0.479166666667,Sixteenth,3,[39]
3327966,3332574,41,64,292.5,0.479166666667,Sixteenth,3,[39]
3333086,3337182,41,60,293.0,0.479166666667,Sixteenth,3,[39]
3337694,3342302,41,69,293.5,0.479166666667,Sixteenth,3,[39]
3342302,3347934,41,58,294.0,0.479166666667,Sixteenth,3,[39]
3347934,3354590,41,67,294.5,0.479166666667,Sixteenth,3,[39]
3354590,3359710,41,64,295.0,0.479166666667,Sixteenth,3,[39]
3360222,3365342,41,61,295.5,0.479166666667,Sixteenth,3,"[39, 40]"
3365342,3371486,41,57,296.0,0.479166666667,Sixteenth,3,[40]
3371486,3377118,41,65,296.5,0.479166666667,Sixteenth,3,[40]
3377118,3382238,41,55,297.0,0.479166666667,Sixteenth,3,[40]
3382750,3388894,41,65,297.5,0.479166666667,Sixteenth,3,[40]
3389405,3394526,41,64,298.0,0.479166666667,Sixteenth,3,[40]
3394526,3400158,41,62,298.5,0.479166666667,Sixteenth,3,[40]
3400158,3407325,41,61,299.0,0.479166666667,Sixteenth,3,[40]
3407838,3412958,41,59,299.5,0.479166666667,Sixteenth,3,[40]
3413470,3418590,41,57,300.0,0.479166666667,Sixteenth,3,[40]
3418590,3424222,41,62,300.5,0.479166666667,Sixteenth,3,[40]
3424222,3429342,41,61,301.0,0.479166666667,Sixteenth,3,[40]
3429854,3435486,41,64,301.5,0.479166666667,Sixteenth,3,[40]
3435998,3440606,41,62,302.0,0.479166666667,Sixteenth,3,[40]
3440606,3446238,41,65,302.5,0.479166666667,Sixteenth,3,[40]
3446238,3451870,41,57,303.0,0.479166666667,Sixteenth,3,"[40, 41]"
3451870,3457502,41,64,303.5,0.479166666667,Sixteenth,3,[41]
3458014,3463134,41,62,304.0,0.479166666667,Sixteenth,3,[41]
3463646,3468766,41,65,304.5,0.479166666667,Sixteenth,3,[41]
3468766,3474910,41,64,305.0,0.479166666667,Sixteenth,3,[41]
3474910,3480030,41,67,305.5,0.479166666667,Sixteenth,3,[41]
3480542,3485662,41,57,306.0,0.479166666667,Sixteenth,3,[41]
3486174,3491294,41,65,306.5,0.479166666667,Sixteenth,3,[41]
3491294,3496926,41,64,307.0,0.479166666667,Sixteenth,3,[41]
3496926,3502045,41,67,307.5,0.479166666667,Sixteenth,3,[41]
3502558,3507677,41,65,308.0,0.479166666667,Sixteenth,3,[41]
3508190,3513309,41,69,308.5,0.479166666667,Sixteenth,3,[41]
3513309,3518941,41,58,309.0,0.479166666667,Sixteenth,3,[41]
3518941,3524573,41,67,309.5,0.479166666667,Sixteenth,3,[41]
3524573,3529694,41,66,310.0,0.479166666667,Sixteenth,3,[41]
3530205,3535326,41,69,310.5,0.479166666667,Sixteenth,3,"[41, 42]"
3535326,3540958,41,67,311.0,0.479166666667,Sixteenth,3,[42]
3540958,3547614,41,70,311.5,0.479166666667,Sixteenth,3,[42]
3547614,3554782,41,61,312.0,0.479166666667,Sixteenth,3,[42]
3555294,3560926,41,70,312.5,0.479166666667,Sixteenth,3,[42]
3561438,3567582,41,69,313.0,0.479166666667,Sixteenth,3,[42]
3567582,3572702,41,67,313.5,0.479166666667,Sixteenth,3,[42]
3572702,3577822,41,65,314.0,0.479166666667,Sixteenth,3,[42]
3578334,3583966,41,64,314.5,0.479166666667,Sixteenth,3,[42]
3584990,3595230,41,65,315.0,0.479166666667,Sixteenth,3,[42]
3595230,3602910,41,62,315.5,0.479166666667,Sixteenth,3,[42]
3602910,3608029,41,65,316.0,0.479166666667,Sixteenth,3,[42]
3608542,3614686,41,69,316.5,0.479166666667,Sixteenth,3,[42]
3615198,3620318,41,74,317.0,0.479166666667,Sixteenth,3,[42]
3620318,3625950,41,77,317.5,0.479166666667,Sixteenth,3,"[42, 43]"
3625950,3631582,41,81,318.0,0.479166666667,Sixteenth,3,[43]
3631582,3641821,41,77,318.5,0.479166666667,Sixteenth,3,[43]
3642334,3652062,41,69,319.0,0.479166666667,Sixteenth,3,[43]
3658206,3671006,41,73,320.0,0.979166666667,Eighth,3,[43]
3658206,3671006,41,67,320.0,0.979166666667,Eighth,3,[43]
3658206,3671006,41,57,320.0,0.979166666667,Eighth,3,[43]
3671518,3720670,41,74,321.0,2.97916666667,Dotted Quarter,3,"[43, 44]"
3671518,3720670,41,66,321.0,2.97916666667,Dotted Quarter,3,"[43, 44]"
3671518,3720670,41,62,321.0,2.97916666667,Dotted Quarter,3,"[43, 44]"
3721182,3727326,41,62,324.0,0.479166666667,Sixteenth,3,[44]
3727326,3733470,41,57,324.5,0.479166666667,Sixteenth,3,[44]
3733982,3740126,41,62,325.0,0.479166666667,Sixteenth,3,[44]
3741150,3746782,41,66,325.5,0.479166666667,Sixteenth,3,[44]
3747294,3752414,41,62,326.0,0.479166666667,Sixteenth,3,[44]
3752926,3759069,41,66,326.5,0.479166666667,Sixteenth,3,[44]
3759069,3765214,41,69,327.0,0.479166666667,Sixteenth,3,[44]
3765214,3770846,41,66,327.5,0.479166666667,Sixteenth,3,[44]
3771358,3776478,41,69,328.0,0.479166666667,Sixteenth,3,[44]
3776990,3782110,41,74,328.5,0.479166666667,Sixteenth,3,[44]
3782110,3789278,41,69,329.0,0.479166666667,Sixteenth,3,[44]
3789278,3796446,41,74,329.5,0.479166666667,Sixteenth,3,"[44, 45]"
3796958,3802078,41,78,330.0,0.479166666667,Sixteenth,3,[45]
3802590,3807710,41,74,330.5,0.479166666667,Sixteenth,3,[45]
3807710,3813854,41,78,331.0,0.479166666667,Sixteenth,3,[45]
3813854,3818974,41,81,331.5,0.479166666667,Sixteenth,3,[45]
3819486,3824606,41,78,332.0,0.479166666667,Sixteenth,3,[45]
3825118,3830750,41,81,332.5,0.479166666667,Sixteenth,3,[45]
3830750,3837406,41,86,333.0,0.479166666667,Sixteenth,3,[45]
3837406,3845598,41,81,333.5,0.479166666667,Sixteenth,3,[45]
3845598,3851230,41,78,334.0,0.479166666667,Sixteenth,3,[45]
3851742,3857374,41,74,334.5,0.479166666667,Sixteenth,3,[45]
3857886,3863006,41,69,335.0,0.479166666667,Sixteenth,3,[45]
3863006,3869150,41,66,335.5,0.479166666667,Sixteenth,3,[45]
3869150,3874270,41,62,336.0,0.479166666667,Sixteenth,3,[45]
3874270,3879390,41,64,336.5,0.479166666667,Sixteenth,3,"[45, 46]"
3879902,3884510,41,66,337.0,0.479166666667,Sixteenth,3,[46]
3884510,3889630,41,67,337.5,0.479166666667,Sixteenth,3,[46]
3889630,3894238,41,69,338.0,0.479166666667,Sixteenth,3,[46]
3894750,3899358,41,70,338.5,0.479166666667,Sixteenth,3,[46]
3899870,3904990,41,72,339.0,0.479166666667,Sixteenth,3,[46]
3904990,3910622,41,75,339.5,0.479166666667,Sixteenth,3,[46]
3910622,3916766,41,72,340.0,0.479166666667,Sixteenth,3,[46]
3916766,3921373,41,69,340.5,0.479166666667,Sixteenth,3,[46]
3921886,3926494,41,72,341.0,0.479166666667,Sixteenth,3,[46]
3926494,3931102,41,69,341.5,0.479166666667,Sixteenth,3,[46]
3931102,3936734,41,66,342.0,0.479166666667,Sixteenth,3,[46]
3936734,3941854,41,62,342.5,0.479166666667,Sixteenth,3,[46]
3942366,3947486,41,66,343.0,0.479166666667,Sixteenth,3,[46]
3947998,3953118,41,69,343.5,0.479166666667,Sixteenth,3,[46]
3953118,3958750,41,74,344.0,0.479166666667,Sixteenth,3,[46]
3958750,3963358,41,72,344.5,0.479166666667,Sixteenth,3,[46]
3963870,3968478,41,70,345.0,0.479166666667,Sixteenth,3,"[46, 47]"
3968990,3973086,41,74,345.5,0.479166666667,Sixteenth,3,[47]
3973086,3978206,41,70,346.0,0.479166666667,Sixteenth,3,[47]
3978206,3983325,41,67,346.5,0.479166666667,Sixteenth,3,[47]
3983838,3988957,41,62,347.0,0.479166666667,Sixteenth,3,[47]
3989470,3994589,41,58,347.5,0.479166666667,Sixteenth,3,[47]
3994589,4000221,41,55,348.0,0.479166666667,Sixteenth,3,[47]
4000221,4005853,41,57,348.5,0.479166666667,Sixteenth,3,[47]
4005853,4011485,41,58,349.0,0.479166666667,Sixteenth,3,[47]
4011998,4016093,41,60,349.5,0.479166666667,Sixteenth,3,[47]
4016606,4021214,41,62,350.0,0.479166666667,Sixteenth,3,[47]
4021214,4026846,41,63,350.5,0.479166666667,Sixteenth,3,[47]
4026846,4031966,41,65,351.0,0.479166666667,Sixteenth,3,[47]
4032478,4037598,41,68,351.5,0.479166666667,Sixteenth,3,[47]
4038110,4042718,41,65,352.0,0.479166666667,Sixteenth,3,[47]
4042718,4048350,41,62,352.5,0.479166666667,Sixteenth,3,[47]
4048350,4053470,41,65,353.0,0.479166666667,Sixteenth,3,"[47, 48]"
4053982,4059102,41,62,353.5,0.479166666667,Sixteenth,3,[48]
4059614,4064734,41,59,354.0,0.479166666667,Sixteenth,3,[48]
4064734,4069854,41,55,354.5,0.479166666667,Sixteenth,3,[48]
4069854,4073438,41,59,355.0,0.479166666667,Sixteenth,3,[48]
4073438,4077534,41,62,355.5,0.479166666667,Sixteenth,3,[48]
4078045,4082654,41,67,356.0,0.479166666667,Sixteenth,3,[48]
4083166,4087774,41,65,356.5,0.479166666667,Sixteenth,3,[48]
4087774,4093406,41,63,357.0,0.479166666667,Sixteenth,3,[48]
4093406,4098526,41,60,357.5,0.479166666667,Sixteenth,3,[48]
4099038,4103646,41,63,358.0,0.479166666667,Sixteenth,3,[48]
4104158,4108766,41,67,358.5,0.479166666667,Sixteenth,3,[48]
4108766,4114398,41,72,359.0,0.479166666667,Sixteenth,3,[48]
4114398,4119518,41,74,359.5,0.479166666667,Sixteenth,3,[48]
4120030,4126174,41,75,360.0,0.479166666667,Sixteenth,3,[48]
4126686,4131294,41,72,360.5,0.479166666667,Sixteenth,3,[48]
4131294,4136414,41,68,361.0,0.479166666667,Sixteenth,3,[48]
4136414,4139997,41,65,361.5,0.479166666667,Sixteenth,3,"[48, 49]"
4140510,4145629,41,68,362.0,0.479166666667,Sixteenth,3,[49]
4146142,4151261,41,72,362.5,0.479166666667,Sixteenth,3,[49]
4151261,4156382,41,74,363.0,0.479166666667,Sixteenth,3,[49]
4156382,4162014,41,70,363.5,0.479166666667,Sixteenth,3,[49]
4162014,4167133,41,67,364.0,0.479166666667,Sixteenth,3,[49]
4167133,4171742,41,63,364.5,0.479166666667,Sixteenth,3,[49]
4172254,4176862,41,67,365.0,0.479166666667,Sixteenth,3,[49]
4176862,4182494,41,70,365.5,0.479166666667,Sixteenth,3,[49]
4182494,4187614,41,72,366.0,0.479166666667,Sixteenth,3,[49]
4188126,4193758,41,68,366.5,0.479166666667,Sixteenth,3,[49]
4194270,4199390,41,65,367.0,0.479166666667,Sixteenth,3,[49]
4199390,4205022,41,62,367.5,0.479166666667,Sixteenth,3,[49]
4205022,4209630,41,65,368.0,0.479166666667,Sixteenth,3,[49]
4210142,4215262,41,68,368.5,0.479166666667,Sixteenth,3,[49]
4215774,4220894,41,55,369.0,0.479166666667,Sixteenth,3,[49]
4220894,4227038,41,72,369.5,0.479166666667,Sixteenth,3,"[49, 50]"
4227038,4233182,41,71,370.0,0.479166666667,Sixteenth,3,[50]
4233182,4239838,41,72,370.5,0.479166666667,Sixteenth,3,[50]
4240350,4245470,41,74,371.0,0.479166666667,Sixteenth,3,[50]
4245982,4251102,41,65,371.5,0.479166666667,Sixteenth,3,[50]
4251102,4256734,41,60,372.0,0.479166666667,Sixteenth,3,[50]
4256734,4261854,41,77,372.5,0.479166666667,Sixteenth,3,[50]
4262366,4267486,41,75,373.0,0.479166666667,Sixteenth,3,[50]
4267998,4273630,41,77,373.5,0.479166666667,Sixteenth,3,[50]
4273630,4279262,41,79,374.0,0.479166666667,Sixteenth,3,[50]
4279262,4284382,41,70,374.5,0.479166666667,Sixteenth,3,[50]
4284894,4290014,41,65,375.0,0.479166666667,Sixteenth,3,[50]
4290526,4295134,41,70,375.5,0.479166666667,Sixteenth,3,[50]
4295134,4300254,41,68,376.0,0.479166666667,Sixteenth,3,[50]
4300254,4305374,41,70,376.5,0.479166666667,Sixteenth,3,[50]
4305886,4311006,41,72,377.0,0.479166666667,Sixteenth,3,"[50, 51]"
4311518,4316638,41,63,377.5,0.479166666667,Sixteenth,3,[51]
4316638,4321758,41,58,378.0,0.479166666667,Sixteenth,3,[51]
4321758,4327390,41,75,378.5,0.479166666667,Sixteenth,3,[51]
4327390,4332510,41,74,379.0,0.479166666667,Sixteenth,3,[51]
4333022,4338142,41,75,379.5,0.479166666667,Sixteenth,3,[51]
4338654,4343774,41,77,380.0,0.479166666667,Sixteenth,3,[51]
4343774,4349406,41,68,380.5,0.479166666667,Sixteenth,3,[51]
4349406,4354014,41,63,381.0,0.479166666667,Sixteenth,3,[51]
4354526,4360158,41,68,381.5,0.479166666667,Sixteenth,3,[51]
4360670,4365790,41,67,382.0,0.479166666667,Sixteenth,3,[51]
4365790,4370910,41,68,382.5,0.479166666667,Sixteenth,3,[51]
4370910,4376542,41,70,383.0,0.479166666667,Sixteenth,3,[51]
4377566,4383710,41,61,383.5,0.479166666667,Sixteenth,3,[51]
4384222,4392414,41,56,384.0,0.479166666667,Sixteenth,3,[51]
4392414,4398046,41,60,384.5,0.479166666667,Sixteenth,3,"[51, 52]"
4398046,4403678,41,65,385.0,0.479166666667,Sixteenth,3,[52]
4403678,4408798,41,68,385.5,0.479166666667,Sixteenth,3,[52]
4409310,4414942,41,67,386.0,0.479166666667,Sixteenth,3,[52]
4415454,4421086,41,65,386.5,0.479166666667,Sixteenth,3,[52]
4421086,4427230,41,59,387.0,0.479166666667,Sixteenth,3,[52]
4427230,4432350,41,62,387.5,0.479166666667,Sixteenth,3,[52]
4432862,4437982,41,65,388.0,0.479166666667,Sixteenth,3,[52]
4438494,4443614,41,68,388.5,0.479166666667,Sixteenth,3,[52]
4443614,4449246,41,67,389.0,0.479166666667,Sixteenth,3,[52]
4449246,4454366,41,65,389.5,0.479166666667,Sixteenth,3,[52]
4454878,4461022,41,60,390.0,0.479166666667,Sixteenth,3,[52]
4461534,4466654,41,64,390.5,0.479166666667,Sixteenth,3,[52]
4466654,4472798,41,65,391.0,0.479166666667,Sixteenth,3,[52]
4472798,4477918,41,68,391.5,0.479166666667,Sixteenth,3,[52]
4478430,4483550,41,67,392.0,0.479166666667,Sixteenth,3,"[52, 53]"
4484062,4489182,41,65,392.5,0.479166666667,Sixteenth,3,[53]
4489182,4494814,41,62,393.0,0.479166666667,Sixteenth,3,[53]
4494814,4500446,41,65,393.5,0.479166666667,Sixteenth,3,[53]
4500446,4505566,41,71,394.0,0.479166666667,Sixteenth,3,[53]
4506078,4511198,41,72,394.5,0.479166666667,Sixteenth,3,[53]
4511710,4517342,41,74,395.0,0.479166666667,Sixteenth,3,[53]
4517342,4522974,41,65,395.5,0.479166666667,Sixteenth,3,[53]
4522974,4530142,41,63,396.0,0.479166666667,Sixteenth,3,[53]
4530654,4535774,41,67,396.5,0.479166666667,Sixteenth,3,[53]
4536286,4541406,41,72,397.0,0.479166666667,Sixteenth,3,[53]
4541406,4547038,41,74,397.5,0.479166666667,Sixteenth,3,[53]
4547038,4553182,41,75,398.0,0.479166666667,Sixteenth,3,[53]
4554206,4559326,41,72,398.5,0.479166666667,Sixteenth,3,[53]
4559838,4565470,41,80,399.0,0.479166666667,Sixteenth,3,[53]
4565470,4571102,41,79,399.5,0.479166666667,Sixteenth,3,"[53, 54]"
4571102,4577246,41,77,400.0,0.479166666667,Sixteenth,3,[54]
4577246,4582878,41,75,400.5,0.479166666667,Sixteenth,3,[54]
4583390,4588510,41,74,401.0,0.479166666667,Sixteenth,3,[54]
4589022,4594142,41,72,401.5,0.479166666667,Sixteenth,3,[54]
4594142,4599774,41,79,402.0,0.479166666667,Sixteenth,3,[54]
4599774,4604894,41,74,402.5,0.479166666667,Sixteenth,3,[54]
4605406,4610526,41,75,403.0,0.479166666667,Sixteenth,3,[54]
4611038,4617182,41,72,403.5,0.479166666667,Sixteenth,3,[54]
4617182,4622814,41,67,404.0,0.479166666667,Sixteenth,3,[54]
4622814,4627934,41,71,404.5,0.479166666667,Sixteenth,3,[54]
4628446,4638686,41,60,405.0,0.479166666667,Sixteenth,3,[54]
4639198,4644318,41,65,405.5,0.479166666667,Sixteenth,3,[54]
4644318,4649950,41,63,406.0,0.479166666667,Sixteenth,3,[54]
4649950,4655582,41,62,406.5,0.479166666667,Sixteenth,3,"[54, 55]"
4656094,4662750,41,60,407.0,0.479166666667,Sixteenth,3,[55]
4663262,4668382,41,58,407.5,0.479166666667,Sixteenth,3,[55]
4668382,4674014,41,57,408.0,0.479166666667,Sixteenth,3,[55]
4674014,4679646,41,60,408.5,0.479166666667,Sixteenth,3,[55]
4679646,4684766,41,65,409.0,0.479166666667,Sixteenth,3,[55]
4685278,4690398,41,60,409.5,0.479166666667,Sixteenth,3,[55]
4690910,4696030,41,65,410.0,0.479166666667,Sixteenth,3,[55]
4696030,4701662,41,69,410.5,0.479166666667,Sixteenth,3,[55]
4701662,4706782,41,65,411.0,0.479166666667,Sixteenth,3,[55]
4707294,4712414,41,69,411.5,0.479166666667,Sixteenth,3,[55]
4712926,4717022,41,72,412.0,0.479166666667,Sixteenth,3,[55]
4717022,4722654,41,69,412.5,0.479166666667,Sixteenth,3,[55]
4722654,4728286,41,72,413.0,0.479166666667,Sixteenth,3,[55]
4728798,4733918,41,75,413.5,0.479166666667,Sixteenth,3,[55]
4734430,4739550,41,72,414.0,0.479166666667,Sixteenth,3,[55]
4739550,4745694,41,75,414.5,0.479166666667,Sixteenth,3,"[55, 56]"
4745694,4751326,41,81,415.0,0.479166666667,Sixteenth,3,[56]
4751326,4756446,41,79,415.5,0.479166666667,Sixteenth,3,[56]
4756958,4762078,41,77,416.0,0.479166666667,Sixteenth,3,[56]
4762078,4767710,41,75,416.5,0.479166666667,Sixteenth,3,[56]
4767710,4773854,41,74,417.0,0.479166666667,Sixteenth,3,[56]
4773854,4778974,41,72,417.5,0.479166666667,Sixteenth,3,[56]
4779486,4784606,41,70,418.0,0.479166666667,Sixteenth,3,[56]
4785118,4789726,41,72,418.5,0.479166666667,Sixteenth,3,[56]
4789726,4794846,41,74,419.0,0.479166666667,Sixteenth,3,[56]
4794846,4799966,41,76,419.5,0.479166666667,Sixteenth,3,[56]
4800478,4805086,41,78,420.0,0.479166666667,Sixteenth,3,[56]
4805598,4810718,41,81,420.5,0.479166666667,Sixteenth,3,[56]
4810718,4816350,41,84,421.0,0.479166666667,Sixteenth,3,[56]
4816350,4821470,41,81,421.5,0.479166666667,Sixteenth,3,[56]
4821982,4827102,41,78,422.0,0.479166666667,Sixteenth,3,[56]
4827614,4833246,41,81,422.5,0.479166666667,Sixteenth,3,[57]
4833246,4838878,41,78,423.0,0.479166666667,Sixteenth,3,[57]
4838878,4845022,41,72,423.5,0.479166666667,Sixteenth,3,[57]
4845022,4850142,41,78,424.0,0.479166666667,Sixteenth,3,[57]
4850654,4855774,41,72,424.5,0.479166666667,Sixteenth,3,[57]
4856286,4861406,41,69,425.0,0.479166666667,Sixteenth,3,[57]
4861406,4867038,41,72,425.5,0.479166666667,Sixteenth,3,[57]
4867038,4872158,41,69,426.0,0.479166666667,Sixteenth,3,[57]
4872670,4877278,41,66,426.5,0.479166666667,Sixteenth,3,[57]
4877790,4883422,41,69,427.0,0.479166666667,Sixteenth,3,[57]
4883422,4889054,41,66,427.5,0.479166666667,Sixteenth,3,[57]
4889054,4894174,41,62,428.0,0.479166666667,Sixteenth,3,[57]
4894686,4899806,41,72,428.5,0.479166666667,Sixteenth,3,[57]
4900318,4905438,41,70,429.0,0.479166666667,Sixteenth,3,[57]
4905438,4911070,41,67,429.5,0.479166666667,Sixteenth,3,[57]
4911070,4917214,41,70,430.0,0.479166666667,Sixteenth,3,"[57, 58]"
4917214,4922846,41,67,430.5,0.479166666667,Sixteenth,3,[58]
4923358,4928478,41,64,431.0,0.479166666667,Sixteenth,3,[58]
4928478,4933598,41,74,431.5,0.479166666667,Sixteenth,3,[58]
4933598,4937694,41,72,432.0,0.479166666667,Sixteenth,3,[58]
4937694,4942814,41,69,432.5,0.479166666667,Sixteenth,3,[58]
4943326,4947934,41,72,433.0,0.479166666667,Sixteenth,3,[58]
4948446,4953566,41,69,433.5,0.479166666667,Sixteenth,3,[58]
4953566,4959198,41,66,434.0,0.479166666667,Sixteenth,3,[58]
4959198,4964318,41,75,434.5,0.479166666667,Sixteenth,3,[58]
4964830,4969950,41,74,435.0,0.479166666667,Sixteenth,3,[58]
4970462,4975582,41,70,435.5,0.479166666667,Sixteenth,3,[58]
4975582,4980702,41,74,436.0,0.479166666667,Sixteenth,3,[58]
4980702,4985822,41,70,436.5,0.479166666667,Sixteenth,3,[58]
4986334,4990942,41,67,437.0,0.479166666667,Sixteenth,3,[58]
4991454,4996574,41,77,437.5,0.479166666667,Sixteenth,3,[58]
4996574,4999646,41,75,438.0,0.479166666667,Sixteenth,3,"[58, 59]"
4999646,5005278,41,72,438.5,0.479166666667,Sixteenth,3,[59]
5005278,5010398,41,75,439.0,0.479166666667,Sixteenth,3,[59]
5010910,5015518,41,72,439.5,0.479166666667,Sixteenth,3,[59]
5016030,5021150,41,69,440.0,0.479166666667,Sixteenth,3,[59]
5021150,5027294,41,79,440.5,0.479166666667,Sixteenth,3,[59]
5027294,5032926,41,78,441.0,0.479166666667,Sixteenth,3,[59]
5033438,5038558,41,74,441.5,0.479166666667,Sixteenth,3,[59]
5039070,5044190,41,76,442.0,0.479166666667,Sixteenth,3,[59]
5044190,5049822,41,78,442.5,0.479166666667,Sixteenth,3,[59]
5049822,5054942,41,79,443.0,0.479166666667,Sixteenth,3,[59]
5055454,5060574,41,81,443.5,0.479166666667,Sixteenth,3,[59]
5061086,5066206,41,82,444.0,0.479166666667,Sixteenth,3,[59]
5066206,5071838,41,74,444.5,0.479166666667,Sixteenth,3,[59]
5071838,5077470,41,79,445.0,0.479166666667,Sixteenth,3,[59]
5077470,5082590,41,82,445.5,0.479166666667,Sixteenth,3,[59]
5083102,5089758,41,72,446.0,0.479166666667,Sixteenth,3,"[59, 60]"
5089758,5095390,41,75,446.5,0.479166666667,Sixteenth,3,[60]
5095390,5101022,41,81,447.0,0.479166666667,Sixteenth,3,[60]
5101022,5106142,41,77,447.5,0.479166666667,Sixteenth,3,[60]
5106654,5111774,41,74,448.0,0.479166666667,Sixteenth,3,[60]
5112286,5117406,41,70,448.5,0.479166666667,Sixteenth,3,[60]
5117406,5122526,41,74,449.0,0.479166666667,Sixteenth,3,[60]
5122526,5127646,41,77,449.5,0.479166666667,Sixteenth,3,[60]
5128158,5133790,41,79,450.0,0.479166666667,Sixteenth,3,[60]
5134302,5139422,41,70,450.5,0.479166666667,Sixteenth,3,[60]
5139422,5144542,41,75,451.0,0.479166666667,Sixteenth,3,[60]
5144542,5149662,41,79,451.5,0.479166666667,Sixteenth,3,[60]
5150174,5154270,41,69,452.0,0.479166666667,Sixteenth,3,[60]
5154782,5158878,41,72,452.5,0.479166666667,Sixteenth,3,[60]
5158878,5163486,41,77,453.0,0.479166666667,Sixteenth,3,[60]
5163486,5169118,41,74,453.5,0.479166666667,Sixteenth,3,[60]
5169118,5174238,41,70,454.0,0.479166666667,Sixteenth,3,"[60, 61]"
5174750,5179358,41,67,454.5,0.479166666667,Sixteenth,3,[61]
5179870,5184478,41,70,455.0,0.479166666667,Sixteenth,3,[61]
5184478,5189086,41,74,455.5,0.479166666667,Sixteenth,3,[61]
5189086,5194206,41,75,456.0,0.479166666667,Sixteenth,3,[61]
5194718,5198814,41,67,456.5,0.479166666667,Sixteenth,3,[61]
5199326,5204446,41,72,457.0,0.479166666667,Sixteenth,3,[61]
5204446,5210078,41,75,457.5,0.479166666667,Sixteenth,3,[61]
5210078,5215198,41,65,458.0,0.479166666667,Sixteenth,3,[61]
5215710,5220830,41,69,458.5,0.479166666667,Sixteenth,3,[61]
5221342,5226462,41,74,459.0,0.479166666667,Sixteenth,3,[61]
5226462,5230558,41,70,459.5,0.479166666667,Sixteenth,3,[61]
5230558,5236190,41,67,460.0,0.479166666667,Sixteenth,3,[61]
5236190,5241310,41,64,460.5,0.479166666667,Sixteenth,3,[61]
5241822,5246430,41,67,461.0,0.479166666667,Sixteenth,3,[61]
5246430,5252062,41,70,461.5,0.479166666667,Sixteenth,3,[61]
5252062,5257694,41,72,462.0,0.479166666667,Sixteenth,3,[61]
5257694,5262814,41,69,462.5,0.479166666667,Sixteenth,3,"[61, 62]"
5263326,5267934,41,70,463.0,0.479166666667,Sixteenth,3,[62]
5268446,5273054,41,67,463.5,0.479166666667,Sixteenth,3,[62]
5273054,5278686,41,66,464.0,0.479166666667,Sixteenth,3,[62]
5278686,5283294,41,69,464.5,0.479166666667,Sixteenth,3,[62]
5283806,5288414,41,62,465.0,0.479166666667,Sixteenth,3,[62]
5288926,5294046,41,64,465.5,0.479166666667,Sixteenth,3,[62]
5294046,5299166,41,66,466.0,0.479166666667,Sixteenth,3,[62]
5299166,5303262,41,67,466.5,0.479166666667,Sixteenth,3,[62]
5303774,5308382,41,69,467.0,0.479166666667,Sixteenth,3,[62]
5308894,5314014,41,70,467.5,0.479166666667,Sixteenth,3,[62]
5314014,5319646,41,72,468.0,0.479166666667,Sixteenth,3,[62]
5319646,5325278,41,75,468.5,0.479166666667,Sixteenth,3,[62]
5325278,5330398,41,74,469.0,0.479166666667,Sixteenth,3,[62]
5330910,5336030,41,79,469.5,0.479166666667,Sixteenth,3,[62]
5336542,5341662,41,78,470.0,0.479166666667,Sixteenth,3,[62]
5341662,5347806,41,82,470.5,0.479166666667,Sixteenth,3,"[62, 63]"
5347806,5352926,41,81,471.0,0.479166666667,Sixteenth,3,[63]
5353438,5361630,41,79,471.5,0.479166666667,Sixteenth,3,[63]
5362142,5367262,41,78,472.0,0.479166666667,Sixteenth,3,[63]
5367262,5372894,41,76,472.5,0.479166666667,Sixteenth,3,[63]
5372894,5378014,41,74,473.0,0.479166666667,Sixteenth,3,[63]
5378526,5384158,41,72,473.5,0.479166666667,Sixteenth,3,[63]
5384670,5389790,41,70,474.0,0.479166666667,Sixteenth,3,[63]
5389790,5395934,41,75,474.5,0.479166666667,Sixteenth,3,[63]
5395934,5401566,41,74,475.0,0.479166666667,Sixteenth,3,[63]
5401566,5407710,41,70,475.5,0.479166666667,Sixteenth,3,[63]
5408222,5413342,41,72,476.0,0.479166666667,Sixteenth,3,[63]
5413342,5418974,41,69,476.5,0.479166666667,Sixteenth,3,[63]
5418974,5424606,41,65,477.0,0.479166666667,Sixteenth,3,[63]
5424606,5429214,41,74,477.5,0.479166666667,Sixteenth,3,[63]
5429726,5434846,41,72,478.0,0.479166666667,Sixteenth,3,"[63, 64]"
5435358,5440478,41,69,478.5,0.479166666667,Sixteenth,3,[64]
5440478,5445598,41,70,479.0,0.479166666667,Sixteenth,3,[64]
5445598,5449182,41,67,479.5,0.479166666667,Sixteenth,3,[64]
5449694,5453790,41,63,480.0,0.479166666667,Sixteenth,3,[64]
5453790,5458398,41,72,480.5,0.479166666667,Sixteenth,3,[64]
5458398,5464030,41,70,481.0,0.479166666667,Sixteenth,3,[64]
5464030,5469150,41,67,481.5,0.479166666667,Sixteenth,3,[64]
5469662,5474782,41,69,482.0,0.479166666667,Sixteenth,3,[64]
5475294,5480926,41,66,482.5,0.479166666667,Sixteenth,3,[64]
5480926,5486558,41,62,483.0,0.479166666667,Sixteenth,3,[64]
5486558,5492190,41,70,483.5,0.479166666667,Sixteenth,3,[64]
5492190,5497310,41,69,484.0,0.479166666667,Sixteenth,3,[64]
5497822,5501918,41,66,484.5,0.479166666667,Sixteenth,3,[64]
5502430,5507038,41,67,485.0,0.479166666667,Sixteenth,3,[64]
5507038,5512158,41,63,485.5,0.479166666667,Sixteenth,3,[64]
5512158,5517278,41,60,486.0,0.479166666667,Sixteenth,3,"[64, 65]"
5517790,5523422,41,69,486.5,0.479166666667,Sixteenth,3,[65]
5523934,5529054,41,67,487.0,0.479166666667,Sixteenth,3,[65]
5529054,5534686,41,64,487.5,0.479166666667,Sixteenth,3,[65]
5534686,5539806,41,66,488.0,0.479166666667,Sixteenth,3,[65]
5540318,5545438,41,62,488.5,0.479166666667,Sixteenth,3,[65]
5545950,5551070,41,58,489.0,0.479166666667,Sixteenth,3,[65]
5551070,5556702,41,74,489.5,0.479166666667,Sixteenth,3,[65]
5556702,5562334,41,72,490.0,0.479166666667,Sixteenth,3,[65]
5562334,5567454,41,70,490.5,0.479166666667,Sixteenth,3,[65]
5569502,5574622,41,69,491.0,0.479166666667,Sixteenth,3,[65]
5574622,5580254,41,67,491.5,0.479166666667,Sixteenth,3,[65]
5580254,5585886,41,75,492.0,0.479166666667,Sixteenth,3,[65]
5585886,5591006,41,74,492.5,0.479166666667,Sixteenth,3,[65]
5591518,5596638,41,72,493.0,0.479166666667,Sixteenth,3,[65]
5597662,5602782,41,82,493.5,0.479166666667,Sixteenth,3,[65]
5602782,5608414,41,81,494.0,0.479166666667,Sixteenth,3,"[65, 66]"
5608414,5613534,41,79,494.5,0.479166666667,Sixteenth,3,[66]
5614046,5619166,41,78,495.0,0.479166666667,Sixteenth,3,[66]
5619678,5628382,41,79,495.5,0.479166666667,Sixteenth,3,[66]
5628382,5636574,41,81,496.0,0.479166666667,Sixteenth,3,[66]
5636574,5641694,41,74,496.5,0.479166666667,Sixteenth,3,[66]
5642206,5648350,41,75,497.0,0.479166666667,Sixteenth,3,[66]
5649374,5654494,41,72,497.5,0.479166666667,Sixteenth,3,[66]
5654494,5661150,41,65,498.0,0.479166666667,Sixteenth,3,[66]
5661150,5666781,41,71,498.5,0.479166666667,Sixteenth,3,[66]
5666781,5671902,41,74,499.0,0.479166666667,Sixteenth,3,[66]
5672414,5677534,41,68,499.5,0.479166666667,Sixteenth,3,[66]
5678045,5683166,41,67,500.0,0.479166666667,Sixteenth,3,[66]
5683166,5689309,41,65,500.5,0.479166666667,Sixteenth,3,"[66, 67]"
5689309,5694430,41,64,501.0,0.479166666667,Sixteenth,3,[67]
5694942,5700062,41,67,501.5,0.479166666667,Sixteenth,3,[67]
5700573,5705694,41,72,502.0,0.479166666667,Sixteenth,3,[67]
5705694,5711326,41,76,502.5,0.479166666667,Sixteenth,3,[67]
5711326,5716445,41,79,503.0,0.479166666667,Sixteenth,3,[67]
5716958,5722078,41,70,503.5,0.479166666667,Sixteenth,3,[67]
5722590,5728222,41,63,504.0,0.479166666667,Sixteenth,3,[67]
5728222,5733854,41,69,504.5,0.479166666667,Sixteenth,3,[67]
5733854,5739486,41,72,505.0,0.479166666667,Sixteenth,3,[67]
5739486,5744606,41,67,505.5,0.479166666667,Sixteenth,3,[67]
5745118,5750237,41,65,506.0,0.479166666667,Sixteenth,3,[67]
5750237,5755870,41,63,506.5,0.479166666667,Sixteenth,3,[67]
5755870,5762014,41,62,507.0,0.479166666667,Sixteenth,3,[67]
5762014,5767134,41,65,507.5,0.479166666667,Sixteenth,3,[67]
5767646,5772765,41,70,508.0,0.479166666667,Sixteenth,3,[67]
5773278,5778398,41,74,508.5,0.479166666667,Sixteenth,3,"[67, 68]"
5778398,5784029,41,77,509.0,0.479166666667,Sixteenth,3,[68]
5784029,5788637,41,68,509.5,0.479166666667,Sixteenth,3,[68]
5789150,5794782,41,67,510.0,0.479166666667,Sixteenth,3,[68]
5795293,5800414,41,75,510.5,0.479166666667,Sixteenth,3,[68]
5800414,5806557,41,70,511.0,0.479166666667,Sixteenth,3,[68]
5806557,5811678,41,67,511.5,0.479166666667,Sixteenth,3,[68]
5812190,5817821,41,63,512.0,0.479166666667,Sixteenth,3,[68]
5818334,5823454,41,62,512.5,0.479166666667,Sixteenth,3,[68]
5823454,5828574,41,60,513.0,0.479166666667,Sixteenth,3,[68]
5828574,5834718,41,75,513.5,0.479166666667,Sixteenth,3,[68]
5834718,5839838,41,72,514.0,0.479166666667,Sixteenth,3,[68]
5840349,5845470,41,70,514.5,0.479166666667,Sixteenth,3,[68]
5845982,5851102,41,69,515.0,0.479166666667,Sixteenth,3,[68]
5851102,5856734,41,67,515.5,0.479166666667,Sixteenth,3,[68]
5856734,5861854,41,66,516.0,0.479166666667,Sixteenth,3,"[68, 69]"
5862366,5867485,41,74,516.5,0.479166666667,Sixteenth,3,[69]
5867998,5873118,41,69,517.0,0.479166666667,Sixteenth,3,[69]
5873118,5878749,41,66,517.5,0.479166666667,Sixteenth,3,[69]
5878749,5883870,41,62,518.0,0.479166666667,Sixteenth,3,[69]
5884382,5889502,41,60,518.5,0.479166666667,Sixteenth,3,[69]
5890013,5895134,41,58,519.0,0.479166666667,Sixteenth,3,[69]
5895134,5901277,41,74,519.5,0.479166666667,Sixteenth,3,[69]
5901277,5909982,41,70,520.0,0.479166666667,Sixteenth,3,[69]
5909982,5915614,41,69,520.5,0.479166666667,Sixteenth,3,[69]
5917149,5922270,41,67,521.0,0.479166666667,Sixteenth,3,[69]
5922270,5927902,41,65,521.5,0.479166666667,Sixteenth,3,[69]
5927902,5933534,41,64,522.0,0.479166666667,Sixteenth,3,[69]
5933534,5940190,41,60,522.5,0.479166666667,Sixteenth,3,[69]
5940702,5945822,41,67,523.0,0.479166666667,Sixteenth,3,[69]
5946333,5951966,41,58,523.5,0.479166666667,Sixteenth,3,"[69, 70]"
5951966,5957597,41,57,524.0,0.479166666667,Sixteenth,3,[70]
5957597,5962718,41,67,524.5,0.479166666667,Sixteenth,3,[70]
5963230,5968350,41,66,525.0,0.479166666667,Sixteenth,3,[70]
5968861,5974494,41,62,525.5,0.479166666667,Sixteenth,3,[70]
5974494,5979614,41,69,526.0,0.479166666667,Sixteenth,3,[70]
5979614,5984222,41,60,526.5,0.479166666667,Sixteenth,3,[70]
5984733,5989854,41,58,527.0,0.479166666667,Sixteenth,3,[70]
5990366,5995997,41,69,527.5,0.479166666667,Sixteenth,3,[70]
5995997,6002142,41,67,528.0,0.479166666667,Sixteenth,3,[70]
6002142,6006750,41,63,528.5,0.479166666667,Sixteenth,3,[70]
6006750,6011869,41,70,529.0,0.479166666667,Sixteenth,3,[70]
6012382,6017502,41,62,529.5,0.479166666667,Sixteenth,3,[70]
6018014,6022622,41,60,530.0,0.479166666667,Sixteenth,3,[70]
6022622,6028254,41,70,530.5,0.479166666667,Sixteenth,3,[70]
6028254,6033374,41,69,531.0,0.479166666667,Sixteenth,3,[70]
6033886,6038494,41,65,531.5,0.479166666667,Sixteenth,3,"[70, 71]"
6039006,6044638,41,72,532.0,0.479166666667,Sixteenth,3,[71]
6044638,6050270,41,63,532.5,0.479166666667,Sixteenth,3,[71]
6050270,6055390,41,62,533.0,0.479166666667,Sixteenth,3,[71]
6055902,6060510,41,72,533.5,0.479166666667,Sixteenth,3,[71]
6061022,6065630,41,70,534.0,0.479166666667,Sixteenth,3,[71]
6065630,6070237,41,67,534.5,0.479166666667,Sixteenth,3,[71]
6070237,6075870,41,74,535.0,0.479166666667,Sixteenth,3,[71]
6075870,6080990,41,65,535.5,0.479166666667,Sixteenth,3,[71]
6081502,6086622,41,64,536.0,0.479166666667,Sixteenth,3,[71]
6086622,6090206,41,74,536.5,0.479166666667,Sixteenth,3,[71]
6090206,6096350,41,72,537.0,0.479166666667,Sixteenth,3,[71]
6096350,6101470,41,69,537.5,0.479166666667,Sixteenth,3,[71]
6101981,6107102,41,75,538.0,0.479166666667,Sixteenth,3,[71]
6107614,6112734,41,67,538.5,0.479166666667,Sixteenth,3,[71]
6112734,6118366,41,66,539.0,0.479166666667,Sixteenth,3,[71]
6118366,6123486,41,75,539.5,0.479166666667,Sixteenth,3,"[71, 72]"
6123998,6129630,41,74,540.0,0.479166666667,Sixteenth,3,[72]
6129630,6135262,41,70,540.5,0.479166666667,Sixteenth,3,[72]
6135262,6140894,41,79,541.0,0.479166666667,Sixteenth,3,[72]
6141406,6146014,41,70,541.5,0.479166666667,Sixteenth,3,[72]
6146526,6152158,41,69,542.0,0.479166666667,Sixteenth,3,[72]
6152158,6157790,41,72,542.5,0.479166666667,Sixteenth,3,[72]
6157790,6163934,41,70,543.0,0.479166666667,Sixteenth,3,[72]
6163934,6168030,41,67,543.5,0.479166666667,Sixteenth,3,[72]
6168542,6173662,41,66,544.0,0.479166666667,Sixteenth,3,[72]
6173662,6178782,41,69,544.5,0.479166666667,Sixteenth,3,[72]
6178782,6184414,41,62,545.0,0.479166666667,Sixteenth,3,[72]
6184926,6190046,41,60,545.5,0.479166666667,Sixteenth,3,[72]
6190558,6196190,41,58,546.0,0.479166666667,Sixteenth,3,[72]
6196190,6201822,41,67,546.5,0.479166666667,Sixteenth,3,[72]
6201822,6206942,41,66,547.0,0.479166666667,Sixteenth,3,"[72, 73]"
6206942,6212062,41,69,547.5,0.479166666667,Sixteenth,3,[73]
6212062,6217694,41,67,548.0,0.479166666667,Sixteenth,3,[73]
6217694,6223326,41,70,548.5,0.479166666667,Sixteenth,3,[73]
6223326,6228446,41,60,549.0,0.479166666667,Sixteenth,3,[73]
6228958,6233566,41,69,549.5,0.479166666667,Sixteenth,3,[73]
6233566,6238686,41,67,550.0,0.479166666667,Sixteenth,3,[73]
6238686,6243806,41,70,550.5,0.479166666667,Sixteenth,3,[73]
6243806,6248926,41,69,551.0,0.479166666667,Sixteenth,3,[73]
6249438,6254046,41,72,551.5,0.479166666667,Sixteenth,3,[73]
6254558,6259677,41,62,552.0,0.479166666667,Sixteenth,3,[73]
6259677,6264798,41,70,552.5,0.479166666667,Sixteenth,3,[73]
6264798,6269918,41,69,553.0,0.479166666667,Sixteenth,3,[73]
6270430,6275038,41,72,553.5,0.479166666667,Sixteenth,3,[73]
6275549,6280670,41,70,554.0,0.479166666667,Sixteenth,3,[73]
6280670,6285278,41,74,554.5,0.479166666667,Sixteenth,3,[73]
6285278,6290398,41,63,555.0,0.479166666667,Sixteenth,3,[73]
6290910,6296030,41,72,555.5,0.479166666667,Sixteenth,3,"[73, 74]"
6296542,6301662,41,71,556.0,0.479166666667,Sixteenth,3,[74]
6301662,6307294,41,74,556.5,0.479166666667,Sixteenth,3,[74]
6307294,6313949,41,72,557.0,0.479166666667,Sixteenth,3,[74]
6313949,6319070,41,75,557.5,0.479166666667,Sixteenth,3,[74]
6321630,6327774,41,66,558.0,0.479166666667,Sixteenth,3,[74]
6328286,6333406,41,75,558.5,0.479166666667,Sixteenth,3,[74]
6333406,6339038,41,74,559.0,0.479166666667,Sixteenth,3,[74]
6339038,6344158,41,72,559.5,0.479166666667,Sixteenth,3,[74]
6344670,6350814,41,70,560.0,0.479166666667,Sixteenth,3,[74]
6351326,6356958,41,69,560.5,0.479166666667,Sixteenth,3,[74]
6356958,6364638,41,70,561.0,0.479166666667,Sixteenth,3,[74]
6364638,6370269,41,74,561.5,0.479166666667,Sixteenth,3,[74]
6370782,6375902,41,79,562.0,0.479166666667,Sixteenth,3,[74]
6376925,6382558,41,82,562.5,0.479166666667,Sixteenth,3,"[74, 75]"
6382558,6388702,41,79,563.0,0.479166666667,Sixteenth,3,[75]
6389214,6395358,41,74,563.5,0.479166666667,Sixteenth,3,[75]
6395870,6401502,41,70,564.0,0.479166666667,Sixteenth,3,[75]
6401502,6407134,41,67,564.5,0.479166666667,Sixteenth,3,[75]
6407134,6420446,41,62,565.0,0.979166666667,Eighth,3,[75]
6421981,6438366,41,78,566.0,0.979166666667,Eighth,3,[75]
6421981,6438366,41,72,566.0,0.979166666667,Eighth,3,[75]
6421981,6438366,41,62,566.0,0.979166666667,Eighth,3,[75]
6438366,6494173,41,79,567.0,2.97916666667,Dotted Quarter,3,"[75, 76]"
6438366,6494173,41,70,567.0,2.97916666667,Dotted Quarter,3,"[75, 76]"
6438366,6494173,41,62,567.0,2.97916666667,Dotted Quarter,3,"[75, 76]"
6438366,6494173,41,55,567.0,2.97916666667,Dotted Quarter,3,"[75, 76]"
6494686,6501342,41,62,570.0,0.479166666667,Sixteenth,3,[76]
6501854,6507486,41,57,570.5,0.479166666667,Sixteenth,3,[76]
6507998,6515166,41,62,571.0,0.479166666667,Sixteenth,3,[76]
6515678,6520798,41,66,571.5,0.479166666667,Sixteenth,3,[76]
6521309,6526942,41,62,572.0,0.479166666667,Sixteenth,3,[76]
6526942,6533086,41,66,572.5,0.479166666667,Sixteenth,3,[76]
6533086,6538718,41,69,573.0,0.479166666667,Sixteenth,3,[76]
6539229,6544862,41,66,573.5,0.479166666667,Sixteenth,3,[76]
6545374,6552030,41,69,574.0,0.479166666667,Sixteenth,3,"[76, 77]"
6552030,6557662,41,74,574.5,0.479166666667,Sixteenth,3,[77]
6557662,6564318,41,69,575.0,0.479166666667,Sixteenth,3,[77]
6564318,6569438,41,74,575.5,0.479166666667,Sixteenth,3,[77]
6569950,6575582,41,78,576.0,0.479166666667,Sixteenth,3,[77]
6576094,6581214,41,74,576.5,0.479166666667,Sixteenth,3,[77]
6581214,6586846,41,78,577.0,0.479166666667,Sixteenth,3,[77]
6586846,6591966,41,81,577.5,0.479166666667,Sixteenth,3,[77]
6592478,6598622,41,78,578.0,0.479166666667,Sixteenth,3,[77]
6599134,6604254,41,81,578.5,0.479166666667,Sixteenth,3,[77]
6604254,6609886,41,86,579.0,0.479166666667,Sixteenth,3,[77]
6609886,6619102,41,81,579.5,0.479166666667,Sixteenth,3,[77]
6619614,6625246,41,78,580.0,0.479166666667,Sixteenth,3,[77]
6625758,6630878,41,74,580.5,0.479166666667,Sixteenth,3,[77]
6630878,6636510,41,69,581.0,0.479166666667,Sixteenth,3,[77]
6636510,6642654,41,66,581.5,0.479166666667,Sixteenth,3,"[77, 78]"
6642654,6647774,41,62,582.0,0.479166666667,Sixteenth,3,[78]
6648286,6653406,41,64,582.5,0.479166666667,Sixteenth,3,[78]
6653406,6658526,41,66,583.0,0.479166666667,Sixteenth,3,[78]
6658526,6664158,41,67,583.5,0.479166666667,Sixteenth,3,[78]
6664158,6669278,41,69,584.0,0.479166666667,Sixteenth,3,[78]
6669790,6674910,41,70,584.5,0.479166666667,Sixteenth,3,[78]
6675422,6680030,41,72,585.0,0.479166666667,Sixteenth,3,[78]
6680030,6684638,41,75,585.5,0.479166666667,Sixteenth,3,[78]
6684638,6689758,41,72,586.0,0.479166666667,Sixteenth,3,[78]
6690269,6695902,41,69,586.5,0.479166666667,Sixteenth,3,[78]
6696414,6701533,41,72,587.0,0.479166666667,Sixteenth,3,[78]
6701533,6706654,41,69,587.5,0.479166666667,Sixteenth,3,[78]
6706654,6711774,41,66,588.0,0.479166666667,Sixteenth,3,[78]
6712286,6716894,41,62,588.5,0.479166666667,Sixteenth,3,[78]
6717405,6722526,41,66,589.0,0.479166666667,Sixteenth,3,[78]
6722526,6728158,41,69,589.5,0.479166666667,Sixteenth,3,"[78, 79]"
6728158,6733790,41,74,590.0,0.479166666667,Sixteenth,3,[79]
6733790,6739422,41,72,590.5,0.479166666667,Sixteenth,3,[79]
6739933,6745054,41,70,591.0,0.479166666667,Sixteenth,3,[79]
6745566,6750174,41,74,591.5,0.479166666667,Sixteenth,3,[79]
6750174,6755294,41,70,592.0,0.479166666667,Sixteenth,3,[79]
6755294,6759902,41,67,592.5,0.479166666667,Sixteenth,3,[79]
6760414,6765534,41,62,593.0,0.479166666667,Sixteenth,3,[79]
6766046,6771166,41,58,593.5,0.479166666667,Sixteenth,3,[79]
6771166,6776798,41,55,594.0,0.479166666667,Sixteenth,3,[79]
6776798,6781918,41,57,594.5,0.479166666667,Sixteenth,3,[79]
6782430,6787550,41,58,595.0,0.479166666667,Sixteenth,3,[79]
6788062,6792670,41,60,595.5,0.479166666667,Sixteenth,3,[79]
6792670,6798302,41,62,596.0,0.479166666667,Sixteenth,3,[79]
6798302,6803422,41,63,596.5,0.479166666667,Sixteenth,3,[79]
6803422,6808542,41,65,597.0,0.479166666667,Sixteenth,3,[79]
6809054,6813662,41,68,597.5,0.479166666667,Sixteenth,3,"[79, 80]"
6814173,6819294,41,65,598.0,0.479166666667,Sixteenth,3,[80]
6819294,6824926,41,62,598.5,0.479166666667,Sixteenth,3,[80]
6824926,6830045,41,65,599.0,0.479166666667,Sixteenth,3,[80]
6830558,6835678,41,62,599.5,0.479166666667,Sixteenth,3,[80]
6836190,6840798,41,59,600.0,0.479166666667,Sixteenth,3,[80]
6840798,6845917,41,55,600.5,0.479166666667,Sixteenth,3,[80]
6845917,6850014,41,59,601.0,0.479166666667,Sixteenth,3,[80]
6850526,6855646,41,62,601.5,0.479166666667,Sixteenth,3,[80]
6856158,6860766,41,67,602.0,0.479166666667,Sixteenth,3,[80]
6860766,6865886,41,65,602.5,0.479166666667,Sixteenth,3,[80]
6865886,6869982,41,63,603.0,0.479166666667,Sixteenth,3,[80]
6870494,6875101,41,60,603.5,0.479166666667,Sixteenth,3,[80]
6875614,6879709,41,63,604.0,0.479166666667,Sixteenth,3,[80]
6879709,6884830,41,67,604.5,0.479166666667,Sixteenth,3,[80]
6884830,6890462,41,72,605.0,0.479166666667,Sixteenth,3,[80]
6890462,6896606,41,74,605.5,0.479166666667,Sixteenth,3,"[80, 81]"
6897118,6901726,41,75,606.0,0.479166666667,Sixteenth,3,[81]
6902237,6906845,41,72,606.5,0.479166666667,Sixteenth,3,[81]
6906845,6911454,41,68,607.0,0.479166666667,Sixteenth,3,[81]
6911454,6916062,41,65,607.5,0.479166666667,Sixteenth,3,[81]
6916574,6921182,41,68,608.0,0.479166666667,Sixteenth,3,[81]
6921694,6926814,41,72,608.5,0.479166666667,Sixteenth,3,[81]
6926814,6932446,41,74,609.0,0.479166666667,Sixteenth,3,[81]
6932446,6937566,41,70,609.5,0.479166666667,Sixteenth,3,[81]
6938078,6942685,41,67,610.0,0.479166666667,Sixteenth,3,[81]
6943198,6948318,41,63,610.5,0.479166666667,Sixteenth,3,[81]
6948318,6953949,41,67,611.0,0.479166666667,Sixteenth,3,[81]
6953949,6959582,41,70,611.5,0.479166666667,Sixteenth,3,[81]
6959582,6964190,41,72,612.0,0.479166666667,Sixteenth,3,[81]
6964702,6969310,41,68,612.5,0.479166666667,Sixteenth,3,[81]
6969821,6974942,41,65,613.0,0.479166666667,Sixteenth,3,[81]
6974942,6980574,41,62,613.5,0.479166666667,Sixteenth,3,[81]
6980574,6985693,41,65,614.0,0.479166666667,Sixteenth,3,"[81, 82]"
6986206,6991326,41,68,614.5,0.479166666667,Sixteenth,3,[82]
6991838,6997470,41,55,615.0,0.479166666667,Sixteenth,3,[82]
6997470,7005150,41,72,615.5,0.479166666667,Sixteenth,3,[82]
7005150,7010270,41,71,616.0,0.479166666667,Sixteenth,3,[82]
7010782,7015902,41,72,616.5,0.479166666667,Sixteenth,3,[82]
7016414,7021534,41,74,617.0,0.479166666667,Sixteenth,3,[82]
7021534,7027166,41,65,617.5,0.479166666667,Sixteenth,3,[82]
7027166,7032286,41,60,618.0,0.479166666667,Sixteenth,3,[82]
7032798,7038942,41,77,618.5,0.479166666667,Sixteenth,3,[82]
7039454,7044574,41,75,619.0,0.479166666667,Sixteenth,3,[82]
7044574,7050206,41,77,619.5,0.479166666667,Sixteenth,3,[82]
7050206,7055838,41,79,620.0,0.479166666667,Sixteenth,3,[82]
7055838,7060446,41,70,620.5,0.479166666667,Sixteenth,3,[82]
7060958,7066078,41,65,621.0,0.479166666667,Sixteenth,3,[82]
7066078,7070686,41,70,621.5,0.479166666667,Sixteenth,3,"[82, 83]"
7070686,7075805,41,68,622.0,0.479166666667,Sixteenth,3,[83]
7075805,7080926,41,70,622.5,0.479166666667,Sixteenth,3,[83]
7081438,7086558,41,72,623.0,0.479166666667,Sixteenth,3,[83]
7087069,7093725,41,63,623.5,0.479166666667,Sixteenth,3,[83]
7093725,7099870,41,58,624.0,0.479166666667,Sixteenth,3,[83]
7099870,7104989,41,75,624.5,0.479166666667,Sixteenth,3,[83]
7105502,7110622,41,74,625.0,0.479166666667,Sixteenth,3,[83]
7111134,7115742,41,75,625.5,0.479166666667,Sixteenth,3,[83]
7115742,7121374,41,77,626.0,0.479166666667,Sixteenth,3,[83]
7121374,7127006,41,68,626.5,0.479166666667,Sixteenth,3,[83]
7127006,7132125,41,63,627.0,0.479166666667,Sixteenth,3,[83]
7133150,7138270,41,68,627.5,0.479166666667,Sixteenth,3,[83]
7138270,7143902,41,67,628.0,0.479166666667,Sixteenth,3,[83]
7143902,7150558,41,68,628.5,0.479166666667,Sixteenth,3,[83]
7150558,7155678,41,70,629.0,0.479166666667,Sixteenth,3,"[83, 84]"
7156190,7161822,41,61,629.5,0.479166666667,Sixteenth,3,[84]
7162334,7167966,41,56,630.0,0.479166666667,Sixteenth,3,[84]
7167966,7175133,41,60,630.5,0.479166666667,Sixteenth,3,[84]
7175133,7180254,41,65,631.0,0.479166666667,Sixteenth,3,[84]
7180766,7185886,41,68,631.5,0.479166666667,Sixteenth,3,[84]
7186397,7191518,41,67,632.0,0.479166666667,Sixteenth,3,[84]
7191518,7197661,41,65,632.5,0.479166666667,Sixteenth,3,[84]
7197661,7202782,41,59,633.0,0.479166666667,Sixteenth,3,[84]
7203294,7208414,41,62,633.5,0.479166666667,Sixteenth,3,[84]
7208925,7215581,41,65,634.0,0.479166666667,Sixteenth,3,[84]
7215581,7221214,41,68,634.5,0.479166666667,Sixteenth,3,[84]
7221214,7226845,41,67,635.0,0.479166666667,Sixteenth,3,[84]
7226845,7231966,41,65,635.5,0.479166666667,Sixteenth,3,[84]
7232478,7237086,41,60,636.0,0.479166666667,Sixteenth,3,[84]
7237598,7242717,41,64,636.5,0.479166666667,Sixteenth,3,"[84, 85]"
7242717,7248350,41,65,637.0,0.479166666667,Sixteenth,3,[85]
7248350,7254494,41,68,637.5,0.479166666667,Sixteenth,3,[85]
7255006,7261150,41,67,638.0,0.479166666667,Sixteenth,3,[85]
7261662,7266782,41,65,638.5,0.479166666667,Sixteenth,3,[85]
7266782,7272414,41,62,639.0,0.479166666667,Sixteenth,3,[85]
7272414,7277534,41,65,639.5,0.479166666667,Sixteenth,3,[85]
7278046,7283165,41,71,640.0,0.479166666667,Sixteenth,3,[85]
7283678,7288798,41,72,640.5,0.479166666667,Sixteenth,3,[85]
7288798,7295454,41,74,641.0,0.479166666667,Sixteenth,3,[85]
7295454,7301086,41,65,641.5,0.479166666667,Sixteenth,3,[85]
7301086,7306206,41,63,642.0,0.479166666667,Sixteenth,3,[85]
7306718,7311838,41,67,642.5,0.479166666667,Sixteenth,3,[85]
7311838,7317470,41,72,643.0,0.479166666667,Sixteenth,3,[85]
7317470,7323102,41,74,643.5,0.479166666667,Sixteenth,3,[85]
7323102,7329246,41,75,644.0,0.479166666667,Sixteenth,3,"[85, 86]"
7329758,7334878,41,72,644.5,0.479166666667,Sixteenth,3,[86]
7335390,7340510,41,80,645.0,0.479166666667,Sixteenth,3,[86]
7340510,7346142,41,79,645.5,0.479166666667,Sixteenth,3,[86]
7346142,7351262,41,77,646.0,0.479166666667,Sixteenth,3,[86]
7351774,7357406,41,75,646.5,0.479166666667,Sixteenth,3,[86]
7357918,7363038,41,74,647.0,0.479166666667,Sixteenth,3,[86]
7363038,7371742,41,72,647.5,0.479166666667,Sixteenth,3,[86]
7371742,7376862,41,79,648.0,0.479166666667,Sixteenth,3,[86]
7377374,7382493,41,74,648.5,0.479166666667,Sixteenth,3,[86]
7383006,7387614,41,75,649.0,0.479166666667,Sixteenth,3,[86]
7387614,7393246,41,72,649.5,0.479166666667,Sixteenth,3,[86]
7393246,7398878,41,67,650.0,0.479166666667,Sixteenth,3,[86]
7398878,7403998,41,71,650.5,0.479166666667,Sixteenth,3,[86]
7404510,7411677,41,60,651.0,0.479166666667,Sixteenth,3,[86]
7412702,7417822,41,65,651.5,0.479166666667,Sixteenth,3,"[86, 87]"
7417822,7423454,41,63,652.0,0.479166666667,Sixteenth,3,[87]
7423454,7429086,41,62,652.5,0.479166666667,Sixteenth,3,[87]
7429597,7435742,41,60,653.0,0.479166666667,Sixteenth,3,[87]
7436254,7441374,41,58,653.5,0.479166666667,Sixteenth,3,[87]
7441374,7447518,41,57,654.0,0.479166666667,Sixteenth,3,[87]
7447518,7452638,41,60,654.5,0.479166666667,Sixteenth,3,[87]
7453150,7458270,41,65,655.0,0.479166666667,Sixteenth,3,[87]
7458782,7463902,41,60,655.5,0.479166666667,Sixteenth,3,[87]
7463902,7469534,41,65,656.0,0.479166666667,Sixteenth,3,[87]
7469534,7475166,41,69,656.5,0.479166666667,Sixteenth,3,[87]
7475166,7479774,41,65,657.0,0.479166666667,Sixteenth,3,[87]
7479774,7483358,41,69,657.5,0.479166666667,Sixteenth,3,[87]
7483358,7488990,41,72,658.0,0.479166666667,Sixteenth,3,[87]
7488990,7494622,41,69,658.5,0.479166666667,Sixteenth,3,[87]
7494622,7499741,41,72,659.0,0.479166666667,Sixteenth,3,"[87, 88]"
7500766,7505886,41,75,659.5,0.479166666667,Sixteenth,3,[88]
7506397,7512030,41,72,660.0,0.479166666667,Sixteenth,3,[88]
7512030,7517661,41,75,660.5,0.479166666667,Sixteenth,3,[88]
7517661,7522782,41,81,661.0,0.479166666667,Sixteenth,3,[88]
7523294,7528414,41,79,661.5,0.479166666667,Sixteenth,3,[88]
7528925,7534046,41,77,662.0,0.479166666667,Sixteenth,3,[88]
7534046,7539678,41,75,662.5,0.479166666667,Sixteenth,3,[88]
7539678,7544286,41,74,663.0,0.479166666667,Sixteenth,3,[88]
7544797,7549918,41,72,663.5,0.479166666667,Sixteenth,3,[88]
7550430,7555550,41,70,664.0,0.479166666667,Sixteenth,3,[88]
7555550,7560670,41,72,664.5,0.479166666667,Sixteenth,3,[88]
7560670,7565790,41,74,665.0,0.479166666667,Sixteenth,3,[88]
7565790,7570910,41,76,665.5,0.479166666667,Sixteenth,3,[88]
7571422,7576542,41,78,666.0,0.479166666667,Sixteenth,3,[88]
7577054,7582686,41,81,666.5,0.479166666667,Sixteenth,3,[88]
7582686,7588318,41,84,667.0,0.479166666667,Sixteenth,3,"[88, 89]"
7588318,7593438,41,81,667.5,0.479166666667,Sixteenth,3,[89]
7593950,7599070,41,78,668.0,0.479166666667,Sixteenth,3,[89]
7599582,7604702,41,81,668.5,0.479166666667,Sixteenth,3,[89]
7604702,7610334,41,78,669.0,0.479166666667,Sixteenth,3,[89]
7610334,7616478,41,72,669.5,0.479166666667,Sixteenth,3,[89]
7616990,7621598,41,78,670.0,0.479166666667,Sixteenth,3,[89]
7622110,7627230,41,72,670.5,0.479166666667,Sixteenth,3,[89]
7627230,7632350,41,69,671.0,0.479166666667,Sixteenth,3,[89]
7632350,7638494,41,72,671.5,0.479166666667,Sixteenth,3,[89]
7638494,7643102,41,69,672.0,0.479166666667,Sixteenth,3,[89]
7643614,7648734,41,66,672.5,0.479166666667,Sixteenth,3,[89]
7648734,7654366,41,69,673.0,0.479166666667,Sixteenth,3,[89]
7654366,7659486,41,66,673.5,0.479166666667,Sixteenth,3,[89]
7659486,7664606,41,62,674.0,0.479166666667,Sixteenth,3,[89]
7665118,7670238,41,72,674.5,0.479166666667,Sixteenth,3,[89]
7670750,7675870,41,70,675.0,0.479166666667,Sixteenth,3,"[89, 90]"
7675870,7680990,41,67,675.5,0.479166666667,Sixteenth,3,[90]
7680990,7686110,41,70,676.0,0.479166666667,Sixteenth,3,[90]
7686621,7691742,41,67,676.5,0.479166666667,Sixteenth,3,[90]
7692254,7696862,41,64,677.0,0.479166666667,Sixteenth,3,[90]
7696862,7702493,41,74,677.5,0.479166666667,Sixteenth,3,[90]
7702493,7707614,41,72,678.0,0.479166666667,Sixteenth,3,[90]
7708126,7713757,41,69,678.5,0.479166666667,Sixteenth,3,[90]
7714270,7718878,41,72,679.0,0.479166666667,Sixteenth,3,[90]
7718878,7723998,41,69,679.5,0.479166666667,Sixteenth,3,[90]
7723998,7730142,41,66,680.0,0.479166666667,Sixteenth,3,[90]
7730142,7734750,41,75,680.5,0.479166666667,Sixteenth,3,[90]
7735262,7739358,41,74,681.0,0.479166666667,Sixteenth,3,[90]
7739870,7744990,41,70,681.5,0.479166666667,Sixteenth,3,[90]
7744990,7750622,41,74,682.0,0.479166666667,Sixteenth,3,[90]
7750622,7755742,41,70,682.5,0.479166666667,Sixteenth,3,[90]
7756254,7760862,41,67,683.0,0.479166666667,Sixteenth,3,"[90, 91]"
7761374,7766494,41,77,683.5,0.479166666667,Sixteenth,3,[91]
7766494,7771614,41,75,684.0,0.479166666667,Sixteenth,3,[91]
7771614,7776734,41,72,684.5,0.479166666667,Sixteenth,3,[91]
7777246,7781341,41,75,685.0,0.479166666667,Sixteenth,3,[91]
7781854,7785949,41,72,685.5,0.479166666667,Sixteenth,3,[91]
7785949,7791070,41,69,686.0,0.479166666667,Sixteenth,3,[91]
7791070,7796702,41,79,686.5,0.479166666667,Sixteenth,3,[91]
7796702,7802846,41,78,687.0,0.479166666667,Sixteenth,3,[91]
7803358,7808477,41,74,687.5,0.479166666667,Sixteenth,3,[91]
7808477,7814110,41,76,688.0,0.479166666667,Sixteenth,3,[91]
7814110,7819741,41,78,688.5,0.479166666667,Sixteenth,3,[91]
7819741,7824862,41,79,689.0,0.479166666667,Sixteenth,3,[91]
7825374,7830494,41,81,689.5,0.479166666667,Sixteenth,3,[91]
7831005,7836126,41,82,690.0,0.479166666667,Sixteenth,3,[91]
7836126,7841758,41,74,690.5,0.479166666667,Sixteenth,3,[91]
7841758,7846877,41,79,691.0,0.479166666667,Sixteenth,3,"[91, 92]"
7847390,7852510,41,82,691.5,0.479166666667,Sixteenth,3,[92]
7853022,7858141,41,72,692.0,0.479166666667,Sixteenth,3,[92]
7858141,7863774,41,75,692.5,0.479166666667,Sixteenth,3,[92]
7863774,7868894,41,81,693.0,0.479166666667,Sixteenth,3,[92]
7869405,7874526,41,77,693.5,0.479166666667,Sixteenth,3,[92]
7875038,7880158,41,74,694.0,0.479166666667,Sixteenth,3,[92]
7880158,7885790,41,70,694.5,0.479166666667,Sixteenth,3,[92]
7885790,7891933,41,74,695.0,0.479166666667,Sixteenth,3,[92]
7891933,7897054,41,77,695.5,0.479166666667,Sixteenth,3,[92]
7897566,7902686,41,79,696.0,0.479166666667,Sixteenth,3,[92]
7903197,7908318,41,70,696.5,0.479166666667,Sixteenth,3,[92]
7908318,7913950,41,75,697.0,0.479166666667,Sixteenth,3,[92]
7913950,7919070,41,79,697.5,0.479166666667,Sixteenth,3,[92]
7919582,7922654,41,69,698.0,0.479166666667,Sixteenth,3,[92]
7923166,7925725,41,72,698.5,0.479166666667,Sixteenth,3,[92]
7925725,7931358,41,77,699.0,0.479166666667,Sixteenth,3,"[92, 93]"
7931358,7935966,41,74,699.5,0.479166666667,Sixteenth,3,[93]
7936478,7941597,41,70,700.0,0.479166666667,Sixteenth,3,[93]
7942110,7947230,41,67,700.5,0.479166666667,Sixteenth,3,[93]
7947230,7952861,41,70,701.0,0.479166666667,Sixteenth,3,[93]
7952861,7959006,41,74,701.5,0.479166666667,Sixteenth,3,[93]
7959006,7964125,41,75,702.0,0.479166666667,Sixteenth,3,[93]
7964638,7969246,41,67,702.5,0.479166666667,Sixteenth,3,[93]
7969246,7972318,41,72,703.0,0.479166666667,Sixteenth,3,[93]
7972318,7977950,41,75,703.5,0.479166666667,Sixteenth,3,[93]
7977950,7983070,41,65,704.0,0.479166666667,Sixteenth,3,[93]
7983582,7988701,41,69,704.5,0.479166666667,Sixteenth,3,[93]
7989214,7994334,41,74,705.0,0.479166666667,Sixteenth,3,[93]
7994334,7999454,41,70,705.5,0.479166666667,Sixteenth,3,[93]
7999454,8003550,41,67,706.0,0.479166666667,Sixteenth,3,[93]
8004062,8009181,41,64,706.5,0.479166666667,Sixteenth,3,[93]
8009694,8014302,41,67,707.0,0.479166666667,Sixteenth,3,[93]
8014302,8019422,41,70,707.5,0.479166666667,Sixteenth,3,"[93, 94]"
8019422,8024542,41,72,708.0,0.479166666667,Sixteenth,3,[94]
8025054,8030174,41,69,708.5,0.479166666667,Sixteenth,3,[94]
8030174,8035806,41,70,709.0,0.479166666667,Sixteenth,3,[94]
8035806,8041950,41,67,709.5,0.479166666667,Sixteenth,3,[94]
8041950,8047582,41,66,710.0,0.479166666667,Sixteenth,3,[94]
8047582,8051678,41,69,710.5,0.479166666667,Sixteenth,3,[94]
8052190,8057310,41,62,711.0,0.479166666667,Sixteenth,3,[94]
8057822,8061918,41,64,711.5,0.479166666667,Sixteenth,3,[94]
8061918,8066526,41,66,712.0,0.479166666667,Sixteenth,3,[94]
8066526,8071134,41,67,712.5,0.479166666667,Sixteenth,3,[94]
8071646,8076765,41,69,713.0,0.479166666667,Sixteenth,3,[94]
8077278,8082398,41,70,713.5,0.479166666667,Sixteenth,3,[94]
8082398,8088029,41,72,714.0,0.479166666667,Sixteenth,3,[94]
8088029,8093150,41,75,714.5,0.479166666667,Sixteenth,3,[94]
8093662,8098782,41,74,715.0,0.479166666667,Sixteenth,3,[94]
8099293,8104414,41,79,715.5,0.479166666667,Sixteenth,3,"[94, 95]"
8104414,8110046,41,78,716.0,0.479166666667,Sixteenth,3,[95]
8110046,8116190,41,82,716.5,0.479166666667,Sixteenth,3,[95]
8116190,8122334,41,81,717.0,0.479166666667,Sixteenth,3,[95]
8122846,8127966,41,79,717.5,0.479166666667,Sixteenth,3,[95]
8127966,8133598,41,78,718.0,0.479166666667,Sixteenth,3,[95]
8133598,8140254,41,76,718.5,0.479166666667,Sixteenth,3,[95]
8140254,8145374,41,74,719.0,0.479166666667,Sixteenth,3,[95]
8145886,8151005,41,72,719.5,0.479166666667,Sixteenth,3,[95]
8151518,8157150,41,70,720.0,0.479166666667,Sixteenth,3,[95]
8157150,8162782,41,75,720.5,0.479166666667,Sixteenth,3,[95]
8162782,8167902,41,74,721.0,0.479166666667,Sixteenth,3,[95]
8168414,8173533,41,70,721.5,0.479166666667,Sixteenth,3,[95]
8174046,8179166,41,72,722.0,0.479166666667,Sixteenth,3,[95]
8179166,8184797,41,69,722.5,0.479166666667,Sixteenth,3,[95]
8184797,8189918,41,65,723.0,0.479166666667,Sixteenth,3,"[95, 96]"
8190430,8195550,41,74,723.5,0.479166666667,Sixteenth,3,[96]
8196061,8200669,41,72,724.0,0.479166666667,Sixteenth,3,[96]
8200669,8206302,41,69,724.5,0.479166666667,Sixteenth,3,[96]
8206302,8211422,41,70,725.0,0.479166666667,Sixteenth,3,[96]
8211422,8216541,41,67,725.5,0.479166666667,Sixteenth,3,[96]
8217054,8221662,41,63,726.0,0.479166666667,Sixteenth,3,[96]
8222174,8227294,41,72,726.5,0.479166666667,Sixteenth,3,[96]
8227294,8232926,41,70,727.0,0.479166666667,Sixteenth,3,[96]
8232926,8238046,41,67,727.5,0.479166666667,Sixteenth,3,[96]
8238558,8243166,41,69,728.0,0.479166666667,Sixteenth,3,[96]
8243677,8248286,41,66,728.5,0.479166666667,Sixteenth,3,[96]
8248286,8253918,41,62,729.0,0.479166666667,Sixteenth,3,[96]
8253918,8259038,41,70,729.5,0.479166666667,Sixteenth,3,[96]
8259550,8264158,41,69,730.0,0.479166666667,Sixteenth,3,[96]
8264670,8269790,41,66,730.5,0.479166666667,Sixteenth,3,[96]
8269790,8274398,41,67,731.0,0.479166666667,Sixteenth,3,[96]
8274398,8280030,41,63,731.5,0.479166666667,Sixteenth,3,"[96, 97]"
8280030,8285150,41,60,732.0,0.479166666667,Sixteenth,3,[97]
8285662,8290781,41,69,732.5,0.479166666667,Sixteenth,3,[97]
8290781,8296414,41,67,733.0,0.479166666667,Sixteenth,3,[97]
8296414,8302045,41,64,733.5,0.479166666667,Sixteenth,3,[97]
8302045,8307166,41,66,734.0,0.479166666667,Sixteenth,3,[97]
8307678,8313309,41,62,734.5,0.479166666667,Sixteenth,3,[97]
8313822,8318942,41,58,735.0,0.479166666667,Sixteenth,3,[97]
8318942,8324573,41,74,735.5,0.479166666667,Sixteenth,3,[97]
8324573,8329694,41,72,736.0,0.479166666667,Sixteenth,3,[97]
8330206,8335326,41,70,736.5,0.479166666667,Sixteenth,3,[97]
8337374,8343006,41,69,737.0,0.479166666667,Sixteenth,3,[97]
8343006,8348638,41,67,737.5,0.479166666667,Sixteenth,3,[97]
8348638,8353758,41,75,738.0,0.479166666667,Sixteenth,3,[97]
8354270,8359390,41,74,738.5,0.479166666667,Sixteenth,3,[97]
8359902,8365534,41,72,739.0,0.479166666667,Sixteenth,3,"[97, 98]"
8365534,8372702,41,82,739.5,0.479166666667,Sixteenth,3,[98]
8372702,8378334,41,81,740.0,0.479166666667,Sixteenth,3,[98]
8378334,8383454,41,79,740.5,0.479166666667,Sixteenth,3,[98]
8383966,8389598,41,78,741.0,0.479166666667,Sixteenth,3,[98]
8390110,8395230,41,79,741.5,0.479166666667,Sixteenth,3,[98]
8395230,8402910,41,81,742.0,0.479166666667,Sixteenth,3,[98]
8402910,8408542,41,74,742.5,0.479166666667,Sixteenth,3,[98]
8409054,8415198,41,75,743.0,0.479166666667,Sixteenth,3,[98]
8415710,8420830,41,72,743.5,0.479166666667,Sixteenth,3,[98]
8420830,8427998,41,65,744.0,0.479166666667,Sixteenth,3,[98]
8427998,8433630,41,71,744.5,0.479166666667,Sixteenth,3,[98]
8434142,8440286,41,74,745.0,0.479166666667,Sixteenth,3,[98]
8440798,8445918,41,68,745.5,0.479166666667,Sixteenth,3,[98]
8445918,8451550,41,67,746.0,0.479166666667,Sixteenth,3,"[98, 99]"
8451550,8457694,41,65,746.5,0.479166666667,Sixteenth,3,[99]
8457694,8462814,41,64,747.0,0.479166666667,Sixteenth,3,[99]
8463838,8468958,41,67,747.5,0.479166666667,Sixteenth,3,[99]
8468958,8474590,41,72,748.0,0.479166666667,Sixteenth,3,[99]
8474590,8482270,41,76,748.5,0.479166666667,Sixteenth,3,[99]
8482270,8487390,41,79,749.0,0.479166666667,Sixteenth,3,[99]
8488414,8493534,41,70,749.5,0.479166666667,Sixteenth,3,[99]
8494046,8499678,41,63,750.0,0.479166666667,Sixteenth,3,[99]
8499678,8505310,41,69,750.5,0.479166666667,Sixteenth,3,[99]
8505310,8510430,41,72,751.0,0.479166666667,Sixteenth,3,[99]
8510942,8515038,41,67,751.5,0.479166666667,Sixteenth,3,[99]
8515550,8520670,41,65,752.0,0.479166666667,Sixteenth,3,[99]
8520670,8526302,41,63,752.5,0.479166666667,Sixteenth,3,[99]
8526302,8531422,41,62,753.0,0.479166666667,Sixteenth,3,[99]
8531934,8537054,41,65,753.5,0.479166666667,Sixteenth,3,"[99, 100]"
8537566,8544222,41,70,754.0,0.479166666667,Sixteenth,3,[100]
8544222,8550878,41,74,754.5,0.479166666667,Sixteenth,3,[100]
8550878,8558046,41,77,755.0,0.479166666667,Sixteenth,3,[100]
8558046,8563166,41,68,755.5,0.479166666667,Sixteenth,3,[100]
8563678,8568798,41,67,756.0,0.479166666667,Sixteenth,3,[100]
8569310,8574430,41,75,756.5,0.479166666667,Sixteenth,3,[100]
8574430,8579550,41,70,757.0,0.479166666667,Sixteenth,3,[100]
8579550,8584670,41,67,757.5,0.479166666667,Sixteenth,3,[100]
8585182,8590814,41,63,758.0,0.479166666667,Sixteenth,3,[100]
8591326,8595934,41,62,758.5,0.479166666667,Sixteenth,3,[100]
8595934,8601054,41,60,759.0,0.479166666667,Sixteenth,3,[100]
8601054,8606174,41,75,759.5,0.479166666667,Sixteenth,3,[100]
8606686,8611806,41,72,760.0,0.479166666667,Sixteenth,3,[100]
8612318,8617438,41,70,760.5,0.479166666667,Sixteenth,3,[100]
8617438,8623070,41,69,761.0,0.479166666667,Sixteenth,3,"[100, 101]"
8623070,8628190,41,67,761.5,0.479166666667,Sixteenth,3,[101]
8628702,8633822,41,66,762.0,0.479166666667,Sixteenth,3,[101]
8634334,8639454,41,74,762.5,0.479166666667,Sixteenth,3,[101]
8639454,8645086,41,69,763.0,0.479166666667,Sixteenth,3,[101]
8645086,8650718,41,66,763.5,0.479166666667,Sixteenth,3,[101]
8650718,8655838,41,62,764.0,0.479166666667,Sixteenth,3,[101]
8656350,8661470,41,60,764.5,0.479166666667,Sixteenth,3,[101]
8661982,8668638,41,58,765.0,0.479166666667,Sixteenth,3,[101]
8668638,8674270,41,74,765.5,0.479166666667,Sixteenth,3,[101]
8674270,8679390,41,70,766.0,0.479166666667,Sixteenth,3,[101]
8679902,8685022,41,69,766.5,0.479166666667,Sixteenth,3,[101]
8685534,8690654,41,67,767.0,0.479166666667,Sixteenth,3,[101]
8690654,8696286,41,65,767.5,0.479166666667,Sixteenth,3,[101]
8696286,8701918,41,64,768.0,0.479166666667,Sixteenth,3,[101]
8702430,8708574,41,60,768.5,0.479166666667,Sixteenth,3,"[101, 102]"
8709086,8714206,41,67,769.0,0.479166666667,Sixteenth,3,[102]
8714206,8719838,41,58,769.5,0.479166666667,Sixteenth,3,[102]
8719838,8725982,41,57,770.0,0.479166666667,Sixteenth,3,[102]
8725982,8731102,41,67,770.5,0.479166666667,Sixteenth,3,[102]
8731614,8736734,41,66,771.0,0.479166666667,Sixteenth,3,[102]
8737246,8742366,41,62,771.5,0.479166666667,Sixteenth,3,[102]
8742366,8748510,41,69,772.0,0.479166666667,Sixteenth,3,[102]
8748510,8752606,41,60,772.5,0.479166666667,Sixteenth,3,[102]
8753118,8758238,41,58,773.0,0.479166666667,Sixteenth,3,[102]
8758750,8763870,41,69,773.5,0.479166666667,Sixteenth,3,[102]
8763870,8768990,41,67,774.0,0.479166666667,Sixteenth,3,[102]
8768990,8774110,41,63,774.5,0.479166666667,Sixteenth,3,[102]
8774622,8779742,41,70,775.0,0.479166666667,Sixteenth,3,[102]
8780254,8785374,41,62,775.5,0.479166666667,Sixteenth,3,[102]
8785374,8790494,41,60,776.0,0.479166666667,Sixteenth,3,[102]
8790494,8795102,41,70,776.5,0.479166666667,Sixteenth,3,"[102, 103]"
8795614,8800734,41,69,777.0,0.479166666667,Sixteenth,3,[103]
8801246,8806366,41,65,777.5,0.479166666667,Sixteenth,3,[103]
8806366,8811998,41,72,778.0,0.479166666667,Sixteenth,3,[103]
8811998,8818142,41,63,778.5,0.479166666667,Sixteenth,3,[103]
8818142,8823262,41,62,779.0,0.479166666667,Sixteenth,3,[103]
8823774,8828382,41,72,779.5,0.479166666667,Sixteenth,3,[103]
8828894,8833502,41,70,780.0,0.479166666667,Sixteenth,3,[103]
8833502,8839134,41,67,780.5,0.479166666667,Sixteenth,3,[103]
8839134,8844254,41,74,781.0,0.479166666667,Sixteenth,3,[103]
8844766,8849374,41,65,781.5,0.479166666667,Sixteenth,3,[103]
8849886,8855006,41,64,782.0,0.479166666667,Sixteenth,3,[103]
8855006,8860638,41,74,782.5,0.479166666667,Sixteenth,3,[103]
8860638,8864222,41,72,783.0,0.479166666667,Sixteenth,3,[103]
8864734,8869854,41,69,783.5,0.479166666667,Sixteenth,3,[103]
8870366,8875486,41,75,784.0,0.479166666667,Sixteenth,3,[103]
8875486,8881118,41,67,784.5,0.479166666667,Sixteenth,3,"[103, 104]"
8881118,8886750,41,66,785.0,0.479166666667,Sixteenth,3,[104]
8886750,8891870,41,75,785.5,0.479166666667,Sixteenth,3,[104]
8892382,8897502,41,74,786.0,0.479166666667,Sixteenth,3,[104]
8898014,8904158,41,70,786.5,0.479166666667,Sixteenth,3,[104]
8904158,8909790,41,79,787.0,0.479166666667,Sixteenth,3,[104]
8909790,8914910,41,70,787.5,0.479166666667,Sixteenth,3,[104]
8915422,8921054,41,69,788.0,0.479166666667,Sixteenth,3,[104]
8921054,8926686,41,72,788.5,0.479166666667,Sixteenth,3,[104]
8926686,8932830,41,70,789.0,0.479166666667,Sixteenth,3,[104]
8932830,8937438,41,67,789.5,0.479166666667,Sixteenth,3,[104]
8937438,8942558,41,66,790.0,0.479166666667,Sixteenth,3,[104]
8943070,8948190,41,69,790.5,0.479166666667,Sixteenth,3,[104]
8948190,8954334,41,62,791.0,0.479166666667,Sixteenth,3,[104]
8954846,8960478,41,60,791.5,0.479166666667,Sixteenth,3,[104]
8960990,8966110,41,58,792.0,0.479166666667,Sixteenth,3,"[104, 105]"
8966110,8971742,41,67,792.5,0.479166666667,Sixteenth,3,[105]
8971742,8976862,41,66,793.0,0.479166666667,Sixteenth,3,[105]
8976862,8981982,41,69,793.5,0.479166666667,Sixteenth,3,[105]
8981982,8986590,41,67,794.0,0.479166666667,Sixteenth,3,[105]
8987102,8992222,41,70,794.5,0.479166666667,Sixteenth,3,[105]
8992222,8997342,41,60,795.0,0.479166666667,Sixteenth,3,[105]
8997342,9002974,41,69,795.5,0.479166666667,Sixteenth,3,[105]
9002974,9008094,41,67,796.0,0.479166666667,Sixteenth,3,[105]
9008606,9013726,41,70,796.5,0.479166666667,Sixteenth,3,[105]
9014238,9018334,41,69,797.0,0.479166666667,Sixteenth,3,[105]
9018334,9023966,41,72,797.5,0.479166666667,Sixteenth,3,[105]
9023966,9029086,41,62,798.0,0.479166666667,Sixteenth,3,[105]
9029598,9033694,41,70,798.5,0.479166666667,Sixteenth,3,[105]
9034206,9039326,41,69,799.0,0.479166666667,Sixteenth,3,[105]
9039326,9044958,41,72,799.5,0.479166666667,Sixteenth,3,[105]
9044958,9050078,41,70,800.0,0.479166666667,Sixteenth,3,[105]
9050590,9053662,41,74,800.5,0.479166666667,Sixteenth,3,"[105, 106]"
9054174,9059294,41,63,801.0,0.479166666667,Sixteenth,3,[106]
9059294,9064926,41,72,801.5,0.479166666667,Sixteenth,3,[106]
9064926,9071070,41,71,802.0,0.479166666667,Sixteenth,3,[106]
9071070,9077214,41,74,802.5,0.479166666667,Sixteenth,3,[106]
9077726,9082846,41,72,803.0,0.479166666667,Sixteenth,3,[106]
9083358,9090526,41,75,803.5,0.479166666667,Sixteenth,3,[106]
9090526,9097694,41,66,804.0,0.479166666667,Sixteenth,3,[106]
9097694,9102814,41,75,804.5,0.479166666667,Sixteenth,3,[106]
9103326,9108958,41,74,805.0,0.479166666667,Sixteenth,3,[106]
9109470,9117662,41,72,805.5,0.479166666667,Sixteenth,3,[106]
9117662,9123806,41,70,806.0,0.479166666667,Sixteenth,3,[106]
9123806,9130462,41,69,806.5,0.479166666667,Sixteenth,3,[106]
9130974,9139678,41,70,807.0,0.479166666667,Sixteenth,3,"[106, 107]"
9139678,9145310,41,74,807.5,0.479166666667,Sixteenth,3,[107]
9145822,9150942,41,79,808.0,0.479166666667,Sixteenth,3,[107]
9150942,9159646,41,82,808.5,0.479166666667,Sixteenth,3,[107]
9159646,9167838,41,79,809.0,0.479166666667,Sixteenth,3,[107]
9168350,9174494,41,74,809.5,0.479166666667,Sixteenth,3,[107]
9175006,9182686,41,70,810.0,0.479166666667,Sixteenth,3,[107]
9182686,9189854,41,67,810.5,0.479166666667,Sixteenth,3,[107]
9189854,9209822,41,62,811.0,0.979166666667,Eighth,3,[107]
9210334,9234398,41,78,812.0,0.979166666667,Eighth,3,"[107, 108]"
9210334,9234398,41,72,812.0,0.979166666667,Eighth,3,"[107, 108]"
9210334,9234398,41,62,812.0,0.979166666667,Eighth,3,"[107, 108]"
9234910,9308638,41,79,813.0,2.97916666667,Dotted Quarter,3,[108]
9234910,9308638,41,70,813.0,2.97916666667,Dotted Quarter,3,[108]
9234910,9308638,41,62,813.0,2.97916666667,Dotted Quarter,3,[108]
9234910,9308638,41,55,813.0,2.97916666667,Dotted Quarter,3,[108]
9384926,9397214,41,67,819.0,0.979166666667,Eighth,3,"[109, 110]"
