Coefficients,Instruments
3.8552432,
7.660728,
10.036908,1
9.570757,1
8.019947,1
7.6804767,1
8.177997,1
8.287907,1
8.252718,1
8.231645,1
8.410376,1
8.799747,1
9.173241,1
9.236887,1
9.074687,1
8.909511,1
8.965706,1
9.254047,1
9.049307,1
8.674255,1
8.2105255,1
8.012976,1
8.514061,1
8.961939,1
9.064942,1
9.521068,1
10.237984,1
10.604514,1
9.868787,1
7.9932957,1
6.676494,1
6.7330513,1
7.1850414,1
7.2725754,1
7.0300903,1
6.760683,1
6.898666,1
7.3922434,1
8.127416,1
8.796075,1
9.159285,1
9.079933,1
8.523745,1
7.673525,1
7.397772,1
7.720583,1
9.246122,1
10.230787,1
10.238363,1
40.12885,1
99.69385,1
130.49254,1
146.17812,1
151.95195,1
150.15625,1
142.84244,1
134.55426,1
129.46661,1
127.68978,1
127.82692,1
127.25455,1
125.91249,1
125.35515,1
124.78656,1
124.71362,1
124.97625,1
125.02736,1
124.41536,1
123.02036,1
121.342674,1
119.6723,1
118.119675,1
117.43811,1
116.85137,1
115.26364,1
113.6219,1
112.504486,1
112.87944,1
113.972534,1
114.50438,1
114.458466,1
113.19705,1
112.6953,1
112.39946,1
110.89064,1
107.49809,
102.58032,1
97.357956,1
94.37265,1
92.528915,1
90.247665,1
88.88773,1
89.11449,1
101.52585,1
121.79255,1
136.26175,1
143.58679,1
145.02911,1
140.34706,1
131.70354,1
124.98246,1
122.96707,1
123.51727,1
124.22841,1
123.76143,1
123.046906,1
122.092705,1
121.05198,1
120.4789,1
120.26158,1
119.549545,1
118.48003,1
117.13574,1
117.286316,1
119.2599,1
120.379364,1
118.65355,1
114.09717,1
109.585365,1
107.20223,1
106.151535,1
104.49533,1
102.16592,1
103.5887,1
118.75459,1
133.84499,1
142.7864,1
146.0228,1
144.12688,1
138.5344,1
131.90076,1
126.188286,1
121.572266,1
119.227295,1
119.50307,1
127.3271,1
137.40424,1
144.48428,1
153.56865,1
159.67094,1
162.08435,1
162.37688,1
160.44713,1
156.13074,1
150.78036,1
146.54062,1
143.63434,1
141.79355,1
139.90952,1
143.418,1
155.0118,1
164.4372,1
168.46637,1
168.00203,1
165.66925,1
162.92325,1
159.47226,1
155.23111,1
151.21442,1
147.79308,1
145.85184,1
152.33691,1
159.76181,1
165.14998,1
167.84717,1
167.25925,1
163.6969,1
158.79825,1
153.49768,1
149.42667,1
153.73987,1
162.02081,1
169.89973,1
175.46063,1
177.08932,1
175.24483,1
171.02863,1
164.76236,1
158.76611,1
154.95862,1
153.16183,1
153.00522,1
156.09608,1
164.56918,1
171.05727,1
173.11882,1
172.25348,1
171.17036,1
169.96762,1
168.02597,1
164.86435,1
160.85379,1
157.51482,1
160.83171,1
167.43494,1
170.52786,1
171.13965,1
170.3198,1
167.8463,1
163.10196,1
160.19064,1
158.76678,1
157.16525,1
155.85301,1
155.51294,1
160.71367,1
168.10608,1
174.1369,1
177.4836,1
178.1883,1
178.07005,1
177.84854,1
176.71399,1
175.17972,1
172.7984,1
170.56062,1
173.78163,1
178.78142,1
182.94876,1
185.19193,1
184.49445,1
180.86642,1
175.76015,1
170.91049,1
168.83524,1
168.58688,1
168.44748,1
167.07147,1
164.96011,1
165.55795,1
168.5816,1
171.21576,1
172.15994,1
171.44688,1
169.47644,1
166.21141,1
162.27872,1
159.96477,1
159.02643,1
158.3919,1
160.93158,1
168.4809,1
176.02478,1
180.10626,1
180.51523,1
177.40173,1
172.6539,1
169.33133,1
167.26746,1
166.10135,1
165.94887,1
166.44485,1
169.8682,1
176.03346,1
180.17279,1
181.18152,1
179.73866,1
176.21317,1
171.8003,1
168.78574,1
167.07718,1
164.78502,1
162.27109,1
160.0163,1
162.83685,1
167.27505,1
170.05374,1
169.32054,1
164.59702,1
159.0198,1
155.92935,1
153.4136,1
152.2623,1
151.83804,1
151.16519,1
152.16968,1
160.03542,1
170.49866,1
178.4498,1
182.62897,1
184.1117,1
183.78656,1
181.31024,1
178.11739,1
175.01334,1
172.67744,1
171.71384,1
173.96716,1
176.655,1
177.26721,1
176.13876,1
173.91937,1
172.50589,1
171.59312,1
170.1492,1
167.8588,1
164.20477,1
159.96338,1
155.69507,1
154.03049,1
158.10385,1
163.50581,1
166.36313,1
166.34308,1
164.55817,1
161.98526,1
159.18878,1
155.29306,1
151.81357,1
150.12646,1
155.1352,1
167.86362,1
178.25859,1
184.50217,1
186.78336,1
185.92752,1
183.22926,1
180.37143,1
177.36575,1
173.26103,1
168.84248,1
163.9313,1
160.17789,1
160.92273,1
166.36647,1
172.52283,1
175.20822,1
173.48013,1
169.63553,1
165.99667,1
162.7825,1
159.65558,1
156.38489,1
156.6456,1
158.8522,1
163.01086,1
166.39775,1
167.87215,1
166.27327,1
162.43652,1
159.0804,1
156.17682,1
153.42186,1
151.44193,1
149.48297,1
146.15985,1
144.55878,1
152.86237,1
164.33855,1
170.92155,1
171.8049,1
169.05324,1
165.71524,1
163.91203,1
163.51134,1
163.31354,1
162.61676,1
166.15482,1
171.55316,1
174.74857,1
176.21178,1
175.53497,1
172.57013,1
168.91699,1
166.51973,1
165.71815,1
165.68396,1
165.33914,1
165.60568,1
170.91519,1
175.65276,1
177.4412,1
176.35062,1
172.97456,1
168.67749,1
166.16664,1
164.05945,1
161.43596,1
158.69312,1
156.26584,1
154.15106,1
152.23466,1
155.02267,1
162.24203,1
170.80232,1
176.38126,1
177.87439,1
175.94812,1
170.76396,1
165.93483,1
163.80942,1
163.60269,1
165.03029,1
169.07771,1
173.45372,1
175.6103,1
176.10353,1
175.58423,1
174.26215,1
172.16693,1
168.95718,1
163.59448,1
159.15228,1
158.1239,1
163.53052,1
168.31082,1
170.37445,1
171.29889,1
172.15164,1
171.29526,1
167.37392,1
163.10333,1
160.29245,1
159.12018,1
158.80736,1
158.2023,1
163.86833,1
172.66586,1
178.54572,1
181.96957,1
182.21059,1
179.87155,1
176.47906,1
174.1694,1
171.27707,1
167.9957,1
164.4891,1
162.66696,1
166.95575,1
172.47682,1
175.1646,1
176.31656,1
175.76746,1
173.81136,1
172.06865,1
170.60536,1
168.90996,1
168.13766,1
166.57245,1
164.0344,1
169.39603,1
174.90929,1
175.6597,1
174.30295,1
172.31416,1
168.76593,1
165.61853,1
164.1456,1
162.18655,1
159.66333,1
160.95224,1
164.88358,1
167.83025,1
169.28656,1
170.63843,1
171.00778,1
168.21515,1
165.10342,1
162.59886,1
160.17749,1
159.61821,1
160.75359,1
166.56541,1
170.61949,1
172.45538,1
173.37427,1
173.08078,1
171.22269,1
168.1678,1
165.94452,1
164.53426,1
161.78185,1
159.46457,1
160.35716,1
163.66098,1
163.05618,1
159.66597,1
156.62894,1
154.96222,1
151.74953,1
149.54578,1
149.67056,1
149.06155,1
148.88336,1
149.9899,1
153.7947,1
163.8291,1
171.27112,1
177.20045,1
180.38202,1
181.08397,1
179.27368,1
176.5669,1
174.26276,1
172.61612,1
171.55075,1
170.29993,1
169.3107,1
171.95697,1
176.09714,1
178.95767,1
179.47095,1
178.36108,1
177.47266,1
176.07419,1
173.61366,1
172.6954,1
173.15546,1
177.30396,1
181.86229,1
183.86047,1
183.39124,1
180.4845,1
176.01942,1
172.05762,1
169.63083,1
166.97972,1
165.29425,1
164.7857,1
167.29465,1
171.6834,1
175.54156,1
179.33653,1
181.75562,1
182.18079,1
180.71942,1
177.7201,1
174.17514,1
171.51791,1
169.84875,1
169.02933,1
171.92673,1
175.97476,1
178.4461,1
178.89305,1
178.06271,1
176.181,1
172.71136,1
169.31496,1
169.08215,1
168.97202,1
167.41238,1
164.69485,1
168.91824,1
175.53955,1
178.93307,1
179.87788,1
178.02658,1
173.1972,1
166.3559,1
159.81561,1
155.24426,1
152.71976,1
152.64517,1
158.62936,1
168.34297,1
180.94632,1
189.7245,1
193.52493,1
192.75453,1
189.02884,1
184.88576,1
181.85913,1
178.66106,1
174.96577,1
170.71597,1
166.04462,1
163.40988,1
164.17654,1
166.79327,1
168.9832,1
168.60391,1
165.51363,1
161.17636,1
157.91934,1
157.11792,1
158.25644,1
158.85168,1
157.7254,1
157.61852,1
162.80215,1
166.5765,1
166.99336,1
164.89029,1
162.67319,1
161.50192,1
160.08496,1
157.61443,1
157.62282,1
165.6018,1
173.30975,1
177.55154,1
177.73123,1
174.42227,1
169.85649,1
165.6932,1
161.5071,1
156.86328,1
152.27155,1
149.34619,1
149.06967,1
155.37769,1
161.32278,1
164.88284,1
166.06027,1
164.94916,1
162.9061,1
161.34651,1
160.17862,1
159.87442,1
159.10071,1
157.44002,1
155.5927,1
155.31177,1
156.79034,1
157.10269,1
155.25131,1
151.98154,1
147.20782,1
141.89922,1
137.365,1
134.36932,1
131.3672,1
127.756805,1
130.35324,1
148.66238,1
164.61986,1
174.84196,1
180.12067,1
181.11107,1
178.01088,1
173.57669,1
170.98329,1
170.12857,1
170.25418,1
171.12254,1
171.2201,1
172.0357,1
174.55728,1
176.31067,1
175.722,1
171.96017,1
166.92554,1
163.76132,1
162.25368,1
160.03198,1
156.3458,1
153.27734,1
153.8677,1
157.29062,1
161.35394,1
163.87653,1
163.38412,1
160.01822,1
155.74362,1
152.28537,1
149.00671,1
147.92372,1
148.41449,1
148.11644,1
146.98805,1
147.65445,1
153.35309,1
161.8617,1
168.30435,1
172.04825,1
172.2751,1
169.45001,1
164.96765,1
160.82309,1
158.64601,1
157.2388,1
154.9304,1
156.69794,1
161.55087,1
166.26318,1
167.73602,1
164.85077,1
158.60791,1
152.94821,1
149.64554,1
147.7872,1
146.96645,1
146.01894,1
144.7945,1
150.09846,1
160.11436,1
166.6592,1
169.21008,1
168.55823,1
165.08443,1
158.91292,1
153.06583,1
147.52435,1
144.7066,1
152.548,1
167.21838,1
180.02603,1
186.65163,1
188.21265,1
186.66074,1
183.19589,1
177.96257,1
173.04918,1
169.18423,1
167.26297,1
165.095,1
161.4279,1
158.50946,1
161.08221,1
165.64792,1
171.20139,1
174.43433,1
173.43835,1
169.58426,1
164.93741,1
160.61368,1
156.90825,1
153.92769,1
150.91316,1
148.48871,1
149.98082,1
155.72522,1
161.96948,1
166.49054,1
167.58533,1
163.90294,1
156.47928,1
151.30656,1
148.193,1
150.25323,1
161.25922,1
170.14026,1
174.27692,1
175.58212,1
177.00238,1
178.34473,1
179.12804,1
178.72849,1
176.84035,1
174.1294,1
170.28796,1
167.89883,1
166.09067,1
163.48709,1
164.91766,1
170.01175,1
174.18874,1
176.19821,1
176.48703,1
174.51547,1
170.25513,1
164.53079,1
159.94885,1
157.4212,1
157.98294,1
165.13115,1
172.84262,1
176.48938,1
176.95312,1
175.18817,1
170.7831,1
164.70503,1
159.10236,1
153.85931,1
151.57416,1
150.85394,1
154.12155,1
162.28401,1
173.4951,1
178.40543,1
178.66884,1
177.0263,1
174.69986,1
172.06815,1
170.91818,1
168.89746,1
165.97992,1
164.37344,1
164.6364,1
167.641,1
170.66434,1
171.42392,1
171.02002,1
169.77377,1
167.96611,1
166.79536,1
165.40411,1
163.35083,1
161.20468,1
159.61148,1
160.93738,1
167.2634,1
173.26587,1
176.2044,1
176.51942,1
174.74518,1
172.27737,1
170.70636,1
168.75793,1
166.23346,1
164.49236,1
164.30698,1
164.50476,1
168.51341,1
175.59715,1
181.46971,1
185.37222,1
186.71053,1
185.33116,1
181.9833,1
178.5949,1
177.14615,1
176.40674,1
175.39166,1
174.10892,1
173.58914,1
172.7603,1
170.8526,1
168.8937,1
167.91473,1
165.10999,1
160.98032,1
157.74266,1
156.58618,1
157.13266,1
158.41808,1
159.0943,1
163.61134,1
172.1581,1
179.71307,1
184.03357,1
183.81429,1
178.45178,1
169.20526,1
160.70456,1
156.07884,1
152.63841,1
150.93451,1
151.37578,1
161.11795,1
166.87396,1
170.14262,1
174.15765,1
175.38281,1
174.80826,1
173.10721,1
171.6636,1
171.30356,1
171.0647,1
169.77551,1
167.88464,1
167.07928,1
166.63614,1
168.25287,1
173.19275,1
176.93245,1
176.99298,1
173.75307,1
169.09988,1
166.40521,1
165.10062,1
163.8094,1
161.9342,1
158.9752,1
156.36777,1
158.20502,1
164.55774,1
168.80997,1
168.97006,1
166.20163,1
161.50278,1
156.8649,1
152.92694,1
150.53186,1
159.41554,1
171.97829,1
180.9204,1
184.2985,1
184.64093,1
184.02728,1
183.44296,1
182.79544,1
181.1294,1
178.75656,1
177.17578,1
176.12134,1
175.71704,1
175.72314,1
174.26445,1
174.93265,1
177.31418,1
179.20663,1
178.98457,1
176.73914,1
172.91321,1
169.8624,1
167.8305,1
166.33334,1
165.88818,1
164.96346,1
163.86215,1
164.64252,1
167.51346,1
170.73929,1
171.68826,1
171.1752,1
171.00835,1
170.13171,1
168.65883,1
166.23532,1
163.54294,1
164.18855,1
170.48077,1
174.79086,1
178.92319,1
182.06104,1
182.32616,1
181.20285,1
180.54666,1
179.84357,1
179.28104,1
179.11816,1
179.27603,1
178.32758,1
176.17352,1
176.83536,1
179.01628,1
180.0995,1
179.86781,1
178.37338,1
176.41791,1
175.88622,1
175.13702,1
173.27899,1
170.8212,1
168.9025,1
168.51398,1
170.57483,1
169.888,1
168.06,1
167.86319,1
167.99908,1
166.54059,1
164.71109,1
164.61226,1
164.69559,1
163.64665,1
162.75542,1
165.77802,1
177.69293,1
186.59128,1
188.7939,1
188.14462,1
186.59186,1
185.51422,1
184.9482,1
185.99597,1
186.33057,1
185.38828,1
183.91779,1
182.34245,1
181.6431,1
180.88031,1
180.56567,1
180.30182,1
179.38992,1
177.92955,1
175.68549,1
173.39505,1
172.92499,1
173.16736,1
169.43256,1
159.97183,1
152.71387,1
150.71634,1
153.771,1
159.2351,1
160.67148,1
159.59761,1
159.13066,1
159.80658,1
160.67233,1
161.18878,1
162.3716,1
160.20734,1
158.61868,1
160.99814,1
166.13475,1
172.26332,1
176.4585,1
176.79254,1
175.52837,1
174.28983,1
174.25464,1
174.34143,1
175.02979,1
177.06798,1
176.78088,1
174.31284,1
171.51157,1
170.82565,1
171.01584,1
171.5025,1
170.82504,1
169.06409,1
167.32323,1
165.27594,1
163.73373,1
159.6846,1
157.65225,1
157.8386,1
159.39293,1
160.38684,1
158.21863,1
155.9421,1
155.53276,1
155.90112,1
156.70992,1
161.3941,1
166.0981,1
168.57999,1
170.59288,1
172.45068,1
173.1466,1
173.18298,1
174.23453,1
175.1225,1
173.93535,1
172.20166,1
171.14883,1
172.83276,1
173.611,1
175.89151,1
177.81842,1
178.28697,1
177.60129,1
175.22256,1
171.01978,1
166.7717,1
165.40082,1
165.2276,1
165.44745,1
162.83386,1
160.37317,1
160.01303,1
161.56749,1
163.39407,1
162.06352,1
158.85101,1
158.9437,1
159.96548,1
159.77028,1
158.59592,1
157.8418,1
162.68948,1
168.08453,1
169.85397,1
170.59305,1
171.12224,1
171.19482,1
170.86673,1
171.40135,1
172.14023,1
173.56421,1
172.59222,1
172.05118,1
174.56393,1
175.6225,1
175.36035,1
176.25476,1
178.28714,1
178.9079,1
178.87778,1
177.55658,1
175.76193,1
174.65266,1
174.35907,1
174.11801,1
174.29028,1
175.84595,1
175.1111,1
174.51562,1
174.9534,1
175.52191,1
174.32455,1
171.90842,1
170.07816,1
169.25703,1
169.79004,1
169.96146,1
170.5176,1
174.27487,1
179.37753,1
182.54117,1
184.85623,1
187.32309,1
188.5388,1
187.67429,1
187.19049,1
187.32385,1
188.3924,1
189.32518,1
188.86777,1
188.98209,1
187.25452,1
183.79092,1
180.0888,1
177.70502,1
175.52298,1
173.72955,1
172.35574,1
171.08914,1
170.4424,1
169.43646,1
170.07668,1
174.1773,1
177.36363,1
176.94391,1
177.08267,1
177.41318,1
176.00755,1
173.91635,1
171.70044,1
169.0672,1
167.06433,1
165.59184,1
173.1552,1
184.05807,1
191.5734,1
196.26228,1
197.91138,1
196.28319,1
192.71283,1
190.24374,1
190.38315,1
191.06029,1
190.36862,1
188.40877,1
186.16116,1
185.089,1
185.90012,1
187.68262,1
188.34776,1
186.79639,1
184.10287,1
181.65962,1
180.41634,1
180.67221,1
180.72394,1
179.86902,1
177.87451,1
176.56615,1
177.20578,1
176.37355,1
175.26036,1
173.74075,1
170.75269,1
167.20264,1
163.69485,1
160.92892,1
159.19565,1
159.04941,1
169.11256,1
183.28278,1
193.36133,1
198.94257,1
201.67297,1
202.78773,1
202.68942,1
201.52298,1
199.87549,1
197.56342,1
193.84775,1
187.95013,1
181.7821,1
179.63835,1
181.76031,1
183.54068,1
183.65833,1
182.30602,1
180.07071,1
178.18887,1
177.25201,1
176.3233,1
174.14288,1
172.36082,1
174.15689,1
177.51102,1
177.89748,1
175.79033,1
172.92552,1
169.53012,1
166.79727,1
164.41263,1
161.92648,1
161.40375,1
162.78027,1
164.59592,1
169.45827,1
181.26463,1
192.65472,1
200.12457,1
202.93436,1
201.76569,1
198.72119,1
196.4433,1
196.21602,1
196.06682,1
195.90956,1
195.33755,1
196.41838,1
198.97098,1
200.57408,1
201.1625,1
200.23996,1
198.43896,1
196.65895,1
195.79514,1
195.23941,1
194.53322,1
194.07658,1
193.97357,1
193.1596,1
192.65106,1
193.9309,1
195.86566,1
196.20026,1
194.42207,1
192.0481,1
190.39035,1
189.67749,1
188.4942,1
186.41418,1
184.60197,1
185.69733,1
191.41528,1
198.55916,1
205.3707,1
209.31274,1
209.52518,1
206.19788,1
201.9425,1
201.18893,1
201.3311,1
200.65076,1
199.1171,1
198.57185,1
198.3848,1
196.97842,1
194.37828,1
191.3215,1
188.45041,1
185.95389,1
183.23877,1
181.69858,1
181.55435,1
181.05203,1
181.0755,1
184.07208,1
186.11467,1
186.46927,1
185.36746,1
183.33102,1
181.01819,1
178.55017,1
176.28705,1
173.98206,1
171.91737,1
171.06651,1
176.34544,1
182.89748,1
188.7897,1
193.30621,1
195.7096,1
195.78479,1
194.50003,1
191.80658,1
188.9487,1
186.75684,1
186.21255,1
185.27371,1
182.99887,1
182.98376,1
186.58203,1
189.49182,1
189.97392,1
188.11288,1
184.09583,1
179.57678,1
175.78903,1
173.67174,1
172.61792,1
171.54138,1
171.12288,1
173.79333,1
176.84927,1
177.94485,1
176.7232,1
174.0618,1
171.61313,1
169.4255,1
168.38573,1
168.11871,1
168.10648,1
166.86572,1
165.75629,1
167.05045,1
171.01505,1
173.79391,1
175.96512,1
177.58067,1
178.77243,1
178.4753,1
177.08015,1
176.35526,1
177.29936,1
178.90894,1
183.4798,1
187.56894,1
188.99207,1
188.96768,1
188.34554,1
187.12509,1
186.42714,1
185.40417,1
184.63824,1
183.80942,1
182.04114,1
178.96933,1
177.17398,1
177.3912,1
178.0145,1
177.22609,1
174.75928,1
172.80376,1
170.83524,1
167.51675,1
165.45395,1
164.71295,1
163.06238,1
162.22787,1
163.56314,1
167.6225,1
172.67538,1
177.21942,1
181.15005,1
183.12846,1
181.83173,1
180.92981,1
181.90747,1
183.42743,1
182.6395,1
182.62961,1
181.15079,1
178.64719,1
175.86165,1
174.74005,1
175.05923,1
174.95148,1
174.92288,1
176.80737,1
179.20389,1
179.69534,1
178.73492,1
177.94861,1
175.98425,1
172.65488,1
170.81607,1
171.54475,1
174.00766,1
176.34444,1
177.90216,1
179.65686,1
181.10413,1
181.73013,1
181.56961,1
181.23207,1
183.84605,1
185.01776,1
184.9708,1
185.14178,1
185.15695,1
184.84459,1
184.22159,1
183.97433,1
183.12833,1
181.31937,1
179.16649,1
179.42934,1
183.16519,1
186.39175,1
187.87363,1
187.9383,1
187.23709,1
185.88458,1
184.27737,1
183.47179,1
182.26662,1
180.4877,1
179.77176,1
179.23227,1
177.55032,1
175.96402,1
175.23239,1
173.38263,1
170.10684,1
167.26495,1
164.86365,1
163.73987,1
163.40459,1
165.79588,1
176.9309,1
188.37157,1
195.21126,1
197.08344,1
195.85031,1
194.0163,1
194.2031,1
195.36507,1
195.01857,1
193.31989,1
191.92496,1
190.3057,1
190.16077,1
193.0444,1
195.54681,1
195.31915,1
193.52888,1
190.98148,1
188.32101,1
184.96432,1
180.9852,1
177.45894,1
175.28961,1
176.15128,1
177.07693,1
176.76073,1
175.96979,1
174.62794,1
171.41623,1
167.61957,1
165.16315,1
163.91782,1
163.10648,1
161.86205,1
159.3973,1
163.01086,1
177.50763,1
189.2355,1
195.24698,1
195.27399,1
191.01767,1
185.63391,1
182.80838,1
183.03267,1
184.24902,1
186.52768,1
187.04436,1
185.22668,1
184.58525,1
185.77805,1
187.66263,1
188.13705,1
186.2621,1
184.08252,1
182.6308,1
182.05835,1
181.01714,1
177.81018,1
174.0524,1
175.8057,1
179.59006,1
183.26062,1
184.69118,1
184.40457,1
182.92542,1
180.00098,1
176.7449,1
174.15155,1
173.49304,1
173.31418,1
171.51907,1
167.99947,1
165.02797,1
170.28308,1
184.38553,1
196.91925,1
205.55838,1
209.8007,1
209.8584,1
207.3714,1
204.61118,1
202.1773,1
200.32278,1
198.6895,1
197.17715,1
196.21805,1
195.62102,1
195.5734,1
197.646,1
200.98567,1
202.61188,1
201.9988,1
200.7439,1
200.30295,1
199.97134,1
199.69354,1
198.84311,1
197.52899,1
197.92334,1
198.01031,1
196.59705,1
194.74396,1
191.84085,1
188.31557,1
185.32483,1
183.30452,1
181.80383,1
180.96568,1
180.7117,1
180.43378,1
179.39764,1
178.60971,1
180.90701,1
184.97293,1
187.22836,1
187.30971,1
187.05959,1
186.74773,1
187.38281,1
188.04678,1
188.6221,1
189.05396,1
190.27773,1
192.87433,1
194.9957,1
194.94122,1
192.18729,1
189.3723,1
189.08234,1
188.44617,1
186.46454,1
183.59644,1
180.98003,1
179.58218,1
181.2572,1
185.52615,1
188.52887,1
189.47595,1
188.41393,1
186.38458,1
184.55984,1
182.8712,1
182.49907,1
182.14278,1
180.87338,1
179.34547,1
178.46463,1
181.72983,1
187.23764,1
191.08694,1
192.15038,1
190.93929,1
188.92833,1
186.44595,1
183.07886,1
179.375,1
176.03331,1
174.54735,1
174.44023,1
176.5795,1
180.29462,1
182.9992,1
183.50671,1
182.07816,1
178.56476,1
173.52684,1
169.11374,1
164.42407,1
161.79546,1
164.52792,1
169.97493,1
174.01297,1
174.46579,1
172.75323,1
170.31807,1
167.56418,1
163.61887,1
159.23462,1
156.19781,1
154.82,1
153.96799,1
157.669,1
170.7974,1
181.38536,1
186.93417,1
189.11911,1
189.23853,1
188.18323,1
186.19405,1
183.66125,1
182.16275,1
180.51198,1
178.85461,1
178.35306,1
179.15994,1
181.09006,1
182.67043,1
184.4093,1
186.10194,1
186.49933,1
185.76587,1
183.9997,1
181.22905,1
177.6824,1
175.01028,1
173.95673,1
173.6106,1
175.39502,1
178.89456,1
181.57124,1
182.15225,1
180.35399,1
176.94926,1
173.62552,1
170.03787,1
166.839,1
164.19861,1
162.90028,1
162.37852,1
161.85965,1
160.67581,1
163.19803,1
172.05229,1
179.4802,1
183.39188,1
184.16003,1
183.56229,1
184.56467,1
186.33505,1
186.62228,1
184.14572,1
181.15521,1
179.4415,1
178.72673,1
177.14,1
174.55118,1
172.52744,1
171.43658,1
172.543,1
175.54034,1
177.4079,1
177.39459,1
176.51706,1
176.34332,1
176.02646,1
174.85048,1
172.99762,1
171.31001,1
170.80817,1
172.20935,1
176.08792,1
181.14569,1
183.4335,1
182.12485,1
178.58708,1
175.36707,1
172.91437,1
170.72154,1
169.25845,1
168.50531,1
168.70007,1
169.20462,1
169.81573,1
174.76453,1
181.9872,1
188.0388,1
192.14493,1
193.71097,1
193.068,1
190.97124,1
189.43051,1
188.92441,1
189.1038,1
189.45052,1
188.57317,1
186.48682,1
184.96855,1
185.21304,1
185.89142,1
185.33432,1
183.43103,1
181.77618,1
180.6735,1
180.09717,1
179.25513,1
178.41544,1
180.53702,1
183.35239,1
183.04576,1
181.49121,1
178.97806,1
175.01797,1
169.27115,1
164.56659,1
162.69077,1
162.24628,1
161.49103,1
160.37405,1
160.44672,1
166.90994,1
178.95905,1
189.47154,1
195.34726,1
198.23627,1
199.00555,1
198.44768,1
197.15372,1
195.56601,1
194.18863,1
193.60355,1
193.33005,1
192.72177,1
192.2742,1
192.55435,1
195.61554,1
199.81784,1
202.79105,1
204.63568,1
204.80379,1
202.86864,1
199.97952,1
198.13101,1
198.22485,1
199.59558,1
199.22028,1
198.58952,1
198.35281,1
198.42715,1
198.51292,1
198.12292,1
196.3211,1
193.6391,1
191.88277,1
191.32767,1
191.5485,1
191.0724,1
190.81525,1
193.41013,1
196.28966,1
198.86218,1
201.06223,1
202.26013,1
202.50919,1
202.47784,1
202.13243,1
201.08752,1
199.80077,1
199.79591,1
201.3645,1
202.5682,1
202.30115,1
201.7542,1
200.72615,1
199.82568,1
199.8812,1
200.41464,1
200.48245,1
199.68121,1
199.47208,1
200.89757,1
201.72433,1
200.71715,1
198.35141,1
194.4426,1
189.56802,1
185.7473,1
183.05008,1
181.66585,1
181.51485,1
181.61859,1
180.74225,1
180.52747,1
187.97375,1
196.44916,1
200.78674,1
201.38124,1
200.85971,1
201.01584,1
200.94913,1
199.04422,1
196.3682,1
194.25204,1
193.82167,1
194.55557,1
194.47557,1
193.27893,1
192.21162,1
191.48985,1
189.95456,1
188.33574,1
185.9537,1
181.99144,1
178.3331,1
176.86792,1
177.34824,1
177.66931,1
178.23294,1
180.2716,1
182.76877,1
184.60867,1
184.43686,1
182.29593,1
178.64066,1
175.82901,1
174.52116,1
174.6619,1
174.59024,1
177.48883,1
186.0967,1
193.46364,1
196.75375,1
196.78683,1
195.00443,1
191.8681,1
188.6412,1
186.22559,1
185.04248,1
184.54523,1
183.8422,1
183.60992,1
183.62123,1
184.14911,1
186.285,1
187.37549,1
186.69617,1
184.82916,1
182.4038,1
180.30942,1
178.87222,1
177.07019,1
173.45181,1
168.7927,1
168.59995,1
172.37317,1
174.89308,1
174.99687,1
172.82333,1
168.88913,1
164.75432,1
161.43669,1
160.36519,1
161.06494,1
161.77734,1
162.30899,1
162.2634,1
160.58423,1
159.272,1
166.52933,1
177.84943,1
186.16656,1
190.72473,1
191.54338,1
190.16568,1
188.46349,1
186.72192,1
185.08636,1
184.09099,1
183.93526,1
183.53233,1
183.14526,1
183.27264,1
183.99036,1
184.58798,1
184.24364,1
182.5638,1
180.44122,1
178.71707,1
177.68002,1
177.00563,1
175.79329,1
174.51758,1
173.36276,1
173.88156,1
178.39044,1
182.89993,1
185.19278,1
185.1022,1
183.68175,1
182.02283,1
180.6981,1
183.76562,1
187.81741,1
191.89572,1
193.8436,1
193.35516,1
190.46147,1
187.65927,1
187.07901,1
187.03534,1
187.1737,1
187.1391,1
186.53304,1
184.98831,1
183.38808,1
182.47021,1
182.44904,1
183.76028,1
184.67203,1
184.7998,1
184.06795,1
182.3529,1
179.65738,1
176.22891,1
174.11278,1
173.89285,1
175.98395,1
176.5426,1
177.88103,1
179.391,1
180.14267,1
179.54654,1
178.04384,1
175.43634,1
174.06647,1
172.80087,1
170.47858,1
168.44925,1
167.67903,1
169.16248,1
176.79915,1
187.51514,1
195.92474,1
200.97604,1
202.25378,1
199.31613,1
195.04202,1
193.01083,1
192.81778,1
192.81676,1
195.25415,1
197.13623,1
196.97266,1
195.33224,1
192.87064,1
190.3534,1
187.89633,1
186.05383,1
184.43524,1
183.01172,1
182.28119,1
180.40128,1
177.19826,1
176.24538,1
176.0444,1
175.32065,1
173.44882,1
171.21266,1
170.14185,1
168.67847,1
167.80609,1
167.18988,1
165.5232,1
162.40033,1
161.7926,1
170.82481,1
182.11649,1
190.85484,1
195.6261,1
196.57428,1
195.1868,1
192.82367,1
190.35718,1
188.68808,1
188.21588,1
187.70776,1
186.67792,1
185.95587,1
188.19653,1
191.5859,1
193.26581,1
192.84259,1
189.78513,1
186.40555,1
184.6374,1
183.52254,1
182.02942,1
179.68982,1
177.22755,1
178.21103,1
179.9141,1
180.07385,1
179.135,1
177.70526,1
175.75648,1
174.72256,1
173.3754,1
170.907,1
167.86142,1
166.39418,1
165.97502,1
166.65517,1
170.59036,1
176.11176,1
179.6962,1
181.1175,1
179.99252,1
176.49673,1
172.16248,1
170.11626,1
170.06256,1
170.1272,1
169.33838,1
168.50168,1
171.16959,1
176.83086,1
182.17715,1
184.76672,1
184.87259,1
184.02704,1
183.67998,1
183.4065,1
182.06862,1
180.9729,1
181.30356,1
181.6629,1
181.49481,1
182.20325,1
182.9892,1
184.1843,1
184.64174,1
183.4259,1
181.63007,1
179.79987,1
178.42285,1
177.1282,1
176.13866,1
174.6943,1
172.50294,1
171.6304,1
174.20442,1
180.53365,1
185.50558,1
187.92662,1
188.42648,1
187.05414,1
184.23776,1
180.94147,1
178.05276,1
176.8096,1
176.71683,1
178.9925,1
183.93524,1
187.68088,1
189.77661,1
190.65903,1
190.06113,1
189.77397,1
189.9524,1
188.7714,1
185.78995,1
181.96477,1
178.03009,1
175.99457,1
177.07416,1
177.35446,1
176.49176,1
174.3656,1
170.5891,1
167.2987,1
166.72444,1
167.80797,1
168.79953,1
168.78265,1
167.76651,1
166.0108,1
164.97566,1
164.96259,1
168.9555,1
172.77815,1
176.4476,1
181.99539,1
187.23792,1
190.89896,1
192.34473,1
192.03351,1
191.13557,1
190.44576,1
189.72484,1
189.1318,1
188.93442,1
189.6049,1
193.16861,1
197.5434,1
200.12302,1
200.2308,1
198.15598,1
195.13596,1
192.55624,1
189.72656,1
186.04663,1
182.8263,1
181.3255,1
180.77168,1
181.11172,1
182.41667,1
183.75005,1
184.0452,1
182.61722,1
179.34584,1
175.25232,1
171.74557,1
170.56949,1
170.80447,1
169.4615,1
169.57939,1
174.89597,1
180.16321,1
183.28067,1
184.15411,1
183.53134,1
182.37027,1
180.21867,1
177.75883,1
176.59726,1
176.65788,1
179.47864,1
184.83527,1
187.54124,1
187.90082,1
187.37949,1
186.49387,1
186.12177,1
185.4513,1
183.57782,1
180.86264,1
178.20728,1
177.72408,1
178.62088,1
179.33331,1
178.61578,1
176.31741,1
174.29036,1
172.66045,1
170.70068,1
169.46289,1
170.58418,1
171.74237,1
171.06427,1
169.41223,1
168.58496,1
169.95822,1
173.14047,1
176.93323,1
178.96094,1
177.78876,1
174.0424,1
169.71466,1
167.40367,1
166.18991,1
164.2005,1
162.64453,1
164.2568,1
167.25433,1
169.37332,1
170.45288,1
170.07185,1
169.00314,1
167.8601,1
166.99344,1
165.42407,1
161.88199,1
156.60788,1
152.76443,1
151.95758,1
153.67366,1
155.3204,1
154.68372,1
151.72144,1
148.0596,1
144.82872,1
143.68884,1
143.00406,1
140.16826,1
136.16489,1
143.7471,1
155.7883,1
165.0094,1
173.91052,1
181.48802,1
185.29068,1
186.06776,1
184.74294,1
182.7153,1
180.92766,1
179.29333,1
177.38568,1
174.77313,1
174.61423,1
176.91116,1
178.8574,1
179.44757,1
178.54028,1
176.8081,1
174.69472,1
172.47528,1
170.52112,1
168.49731,1
165.74713,1
163.41273,1
166.25922,1
171.69408,1
175.24573,1
176.25044,1
175.29999,1
172.93799,1
170.39267,1
168.83334,1
167.32217,1
165.12518,1
162.86871,1
161.16693,1
161.69846,1
170.71362,1
179.09395,1
183.5978,1
185.65605,1
185.83693,1
185.38274,1
185.91238,1
186.04865,1
186.12506,1
186.76764,1
186.8699,1
185.98267,1
184.28305,1
182.11557,1
181.8956,1
183.65088,1
185.44064,1
185.79286,1
184.25586,1
181.98486,1
180.32639,1
179.04681,1
177.5206,1
175.16168,1
172.67453,1
172.83307,1
176.03802,1
179.38046,1
181.06311,1
180.56409,1
178.88023,1
177.19313,1
176.30865,1
176.20416,1
175.2076,1
174.521,1
179.86456,1
186.16888,1
189.25871,1
190.6926,1
191.99474,1
193.40933,1
192.89832,1
190.30263,1
188.13385,1
186.79825,1
185.67557,1
183.70166,1
180.59344,1
178.86736,1
179.79541,1
181.27966,1
181.85417,1
182.13779,1
182.18103,1
181.74301,1
180.53033,1
178.29883,1
175.87973,1
173.60646,1
172.79062,1
175.89119,1
177.82303,1
177.6555,1
176.02414,1
173.48071,1
170.8028,1
167.5332,1
164.74857,1
163.32034,1
162.6177,1
161.29877,1
158.27751,1
165.60365,1
179.6078,1
190.14117,1
195.74873,1
196.80478,1
194.85965,1
192.17334,1
190.61176,1
191.29843,1
193.0043,1
193.90091,1
193.11676,1
192.01126,1
194.52911,1
199.71881,1
203.9733,1
205.85768,1
205.40329,1
202.82823,1
200.13596,1
198.70776,1
197.96658,1
197.02803,1
196.40823,1
196.49023,1
195.82489,1
195.46384,1
196.313,1
197.15065,1
197.33142,1
197.3757,1
197.26208,1
197.11975,1
197.55191,1
197.83452,1
197.63446,1
196.85739,1
199.3909,1
203.98346,1
208.2961,1
211.22049,1
212.49295,1
213.117,1
214.25139,1
214.98294,1
214.38168,1
213.0271,1
211.59256,1
210.4201,1
210.36185,1
210.81366,1
210.89053,1
211.08511,1
210.73853,1
209.45226,1
208.99448,1
209.53961,1
209.6186,1
208.96066,1
207.82387,1
204.54843,1
200.88245,1
198.92766,1
198.79536,1
199.28587,1
198.95993,1
198.01346,1
197.25378,1
196.88895,1
197.17233,1
197.44606,1
196.60602,1
195.41394,1
195.73062,1
197.79318,1
199.77069,1
201.53879,1
203.18806,1
204.64624,1
205.58015,1
204.8743,1
202.87807,1
199.75107,1
196.1669,1
193.2295,1
192.44241,1
194.37793,1
197.43002,1
199.49945,1
200.383,1
200.897,1
200.88472,1
200.95763,1
201.1376,1
201.01016,1
199.66461,1
196.12126,1
191.89355,1
190.13669,1
190.92773,1
192.04103,1
192.59396,1
192.86844,1
192.82896,1
191.5169,1
189.06503,1
186.6308,1
185.68906,1
185.25537,1
184.52493,1
185.14917,1
190.96652,1
198.77013,1
202.87936,1
202.87044,1
199.4588,1
195.07431,1
192.13516,1
191.10771,1
190.90236,1
190.50876,1
189.45601,1
189.51259,1
188.67874,1
187.6417,1
186.4306,1
184.75194,1
183.64957,1
182.99606,1
181.91946,1
180.40028,1
177.87915,1
174.82585,1
172.32123,1
173.22626,1
176.29004,1
179.50192,1
180.80377,1
179.7536,1
177.22128,1
174.41544,1
171.6475,1
169.60284,1
169.20454,1
169.47223,1
169.69318,1
173.51291,1
179.73288,1
184.52364,1
188.32333,1
190.07462,1
189.98746,1
189.47264,1
188.16238,1
186.20868,1
184.2552,1
182.92355,1
182.45885,1
182.85864,1
185.36656,1
188.11015,1
189.01303,1
187.65842,1
184.84094,1
182.45956,1
181.90982,1
181.9773,1
182.04163,1
181.76044,1
180.9815,1
179.6624,1
177.67685,1
176.66483,1
177.30014,1
179.07693,1
180.9125,1
182.05515,1
181.61795,1
180.34848,1
179.62912,1
179.34535,1
179.20688,1
178.90717,1
179.30994,1
184.09772,1
189.57104,1
192.96126,1
194.87274,1
195.85757,1
195.82071,1
195.09822,1
193.28712,1
190.32413,1
187.56505,1
186.62659,1
186.25873,1
186.3281,1
186.96098,1
187.71289,1
187.94846,1
187.03374,1
184.80652,1
182.65564,1
180.49734,1
178.05804,1
175.97005,1
173.19518,1
170.63307,1
170.28542,1
172.27948,1
174.26842,1
174.38156,1
171.54474,1
167.64255,1
164.48543,1
162.69379,1
161.47974,1
159.54646,1
157.07391,1
158.18484,1
165.83148,1
178.64583,1
188.18774,1
192.09055,1
191.3458,1
188.85785,1
186.83801,1
184.5922,1
181.19139,1
177.01103,1
174.64125,1
175.26944,1
177.6836,1
180.02042,1
180.05252,1
177.41478,1
175.04512,1
175.03671,1
175.00351,1
172.48804,1
167.24014,1
161.7999,1
161.30988,1
165.23729,1
168.66376,1
169.69308,1
168.6955,1
165.6713,1
161.81447,1
158.55325,1
156.45724,1
154.39966,1
152.18248,1
158.67238,1
174.15775,1
186.58868,1
193.89607,1
197.44092,1
197.33072,1
194.43436,1
191.37518,1
189.7442,1
188.7688,1
187.44443,1
186.31003,1
186.75797,1
188.98395,1
190.08578,1
189.19182,1
186.954,1
183.27841,1
179.07404,1
175.34853,1
172.22661,1
169.86884,1
167.39868,1
165.25287,1
167.07109,1
169.17673,1
169.69293,1
170.57895,1
169.62924,1
166.75348,1
163.3286,1
160.89116,1
160.02313,1
158.793,1
158.19229,1
157.83687,1
159.15543,1
167.7178,1
173.57983,1
175.10205,1
174.44849,1
172.74475,1
170.36359,1
166.88922,1
162.62738,1
160.66696,1
161.5339,1
162.68265,1
163.08139,1
162.66571,1
162.4491,1
166.17783,1
171.04681,1
174.50352,1
176.24634,1
176.17966,1
174.24911,1
172.22699,1
171.6328,1
172.37454,1
172.95866,1
173.22101,1
175.51466,1
178.14522,1
179.69345,1
179.26013,1
177.2073,1
175.00288,1
173.66344,1
173.08325,1
172.77206,1
172.18005,1
171.1192,1
169.7037,1
167.91473,1
168.53943,1
173.63757,1
180.35205,1
185.60933,1
188.36932,1
187.61386,1
185.33777,1
183.47272,1
182.4996,1
182.232,1
182.4412,1
184.44812,1
186.14862,1
185.34515,1
183.84009,1
181.86716,1
179.45358,1
178.17673,1
176.77553,1
173.65607,1
168.64484,1
163.43127,1
163.19298,1
164.99951,1
165.84491,1
167.0586,1
166.8974,1
164.10843,1
160.9711,1
158.9014,1
156.4146,1
153.62737,1
151.81778,1
149.65936,1
146.68817,1
145.35706,1
157.08015,1
173.37189,1
183.9448,1
189.29903,1
191.1606,1
190.4202,1
187.8779,1
185.52751,1
184.46729,1
183.04507,1
180.19608,1
175.94402,1
171.24896,1
172.8309,1
178.55737,1
182.8501,1
184.29968,1
182.7153,1
179.4432,1
175.853,1
172.57372,1
168.63226,1
164.04924,1
159.33153,1
156.40486,1
157.62146,1
159.38368,1
160.35175,1
160.05222,1
158.76837,1
157.05124,1
155.84343,1
154.93169,1
153.81061,1
152.3905,1
151.11116,1
157.57272,1
169.08466,1
179.77448,1
185.90211,1
187.93591,1
186.888,1
185.4563,1
184.05255,1
181.66052,1
179.58524,1
178.06361,1
175.27069,1
170.75615,1
166.88632,1
168.19215,1
171.15263,1
173.92366,1
174.92078,1
173.36533,1
169.91672,1
166.57431,1
164.66501,1
163.38818,1
160.44467,1
156.41756,1
157.89664,1
163.92136,1
168.21663,1
168.75375,1
166.10757,1
161.10101,1
156.02429,1
151.85449,1
149.1145,1
147.8264,1
146.36185,1
145.41985,1
146.12149,1
147.71881,1
157.46794,1
168.28192,1
177.38806,1
181.99963,1
182.54642,1
180.39713,1
177.62189,1
177.62793,1
178.449,1
178.57677,1
177.94,1
180.14967,1
184.16049,1
186.71349,1
187.8225,1
188.16946,1
187.96774,1
186.88011,1
185.47879,1
184.55286,1
183.70041,1
183.34961,1
182.65668,1
181.79932,1
182.4488,1
183.41023,1
185.44089,1
188.05038,1
189.1793,1
187.98042,1
186.65506,1
185.75594,1
184.84714,1
183.42259,1
181.41306,1
179.87149,1
177.72919,1
176.66534,1
180.0337,1
184.0238,1
187.13739,1
190.56506,1
192.85074,1
192.86147,1
190.84647,1
188.74411,1
187.79062,1
187.07228,1
185.96405,1
186.27708,1
189.30363,1
191.73656,1
192.39017,1
191.93164,1
190.06888,1
187.3118,1
185.06763,1
183.9997,1
182.64722,1
180.15117,1
176.67245,1
173.65286,1
174.36191,1
176.95184,1
178.53618,1
177.50156,1
174.96317,1
171.95953,1
168.67624,1
165.52376,1
164.08038,1
162.93454,1
160.34457,1
161.86783,1
169.38878,1
176.95547,1
183.29056,1
186.29465,1
186.48276,1
185.04019,1
182.65091,1
180.24414,1
179.41888,1
179.9344,1
180.58096,1
181.37576,1
182.34589,1
182.3176,1
181.00015,1
177.85,1
172.4503,1
167.21417,1
163.1409,1
161.54443,1
161.9403,1
162.97855,1
163.58025,1
165.99329,1
169.39433,1
171.5867,1
172.4436,1
171.33325,1
167.4682,1
162.56693,1
159.36913,1
157.70316,1
156.8754,1
156.24312,1
155.47748,1
154.34868,1
161.41821,1
175.02081,1
187.7379,1
194.70068,1
195.81105,1
192.58679,1
187.83038,1
184.07635,1
181.10176,1
179.43222,1
177.0575,1
175.78154,1
178.25728,1
181.3902,1
183.11758,1
182.56999,1
180.7786,1
178.7435,1
176.32571,1
174.45264,1
173.28188,1
171.45013,1
170.5817,1
171.8943,1
173.42667,1
172.61456,1
169.85507,1
165.72299,1
163.13826,1
162.03821,1
161.7259,1
160.5281,1
157.66666,1
154.47757,1
161.73163,1
172.20314,1
180.08653,1
185.21463,1
186.9086,1
186.00742,1
184.37344,1
183.44687,1
182.75845,1
183.83595,1
185.76324,1
188.08365,1
192.12991,1
196.93416,1
201.00793,1
202.95682,1
202.77106,1
201.73653,1
201.1446,1
201.46765,1
202.05066,1
201.80945,1
200.09091,1
198.72221,1
199.56805,1
199.92389,1
200.05493,1
199.14017,1
196.8894,1
194.7774,1
193.41162,1
192.99648,1
192.66196,1
191.8303,1
189.89624,1
188.01825,1
189.79509,1
197.1925,1
202.76288,1
206.14426,1
208.18399,1
208.82211,1
206.54932,1
202.63483,1
200.43481,1
199.341,1
197.96684,1
195.5852,1
193.60922,1
194.0214,1
193.95692,1
193.31693,1
192.78784,1
191.8053,1
190.39345,1
189.87167,1
188.98468,1
187.05641,1
185.4979,1
185.1967,1
185.27664,1
185.65573,1
185.17413,1
183.14703,1
180.65906,1
178.84741,1
176.64767,1
174.73697,1
172.94565,1
171.11809,1
169.37689,1
174.26424,1
184.68881,1
192.10184,1
196.71976,1
198.7867,1
199.18704,1
199.51907,1
199.99231,1
200.30042,1
200.05,1
198.98541,1
196.909,1
194.26538,1
193.18903,1
194.42282,1
195.85435,1
195.93678,1
194.96082,1
193.828,1
191.95964,1
189.55368,1
187.80643,1
185.73788,1
182.60406,1
179.36449,1
177.634,1
176.59845,1
175.21428,1
173.1146,1
170.5456,1
168.60104,1
168.41687,1
167.64641,1
167.32283,1
167.62933,1
167.23694,1
167.43375,1
172.18768,1
176.2825,1
178.75916,1
178.88531,1
176.76645,1
173.61327,1
170.67279,1
168.87155,1
168.17578,1
168.74146,1
169.35779,1
168.72644,1
167.88403,1
168.96988,1
172.26028,1
174.83664,1
174.64609,1
171.94278,1
167.95724,1
164.59543,1
162.32635,1
161.78006,1
162.69736,1
162.87708,1
162.26149,1
166.10538,1
170.65106,1
173.69684,1
174.90044,1
173.45102,1
169.97046,1
167.26752,1
163.88582,1
161.15082,1
159.97133,1
159.13742,1
160.72726,1
172.59027,1
182.78186,1
188.10971,1
190.14178,1
189.09592,1
185.70737,1
182.5426,1
180.81526,1
179.16458,1
176.85225,1
175.13963,1
174.15033,1
176.27426,1
180.05185,1
183.03146,1
184.06705,1
183.00153,1
180.82965,1
178.75697,1
178.06186,1
178.73074,1
179.44574,1
178.84485,1
177.41464,1
181.53235,1
185.95456,1
187.66472,1
187.79083,1
186.72157,1
184.96356,1
183.25835,1
181.35477,1
179.39948,1
178.77539,1
179.4758,1
179.74847,1
179.89252,1
185.78171,1
194.65875,1
200.42545,1
203.08588,1
202.77367,1
200.37398,1
197.8746,1
195.51471,1
193.366,1
192.14684,1
191.4532,1
190.79358,1
190.1021,1
188.01682,1
185.78256,1
184.86185,1
184.45642,1
183.71803,1
181.17697,1
178.7232,1
177.80011,1
177.57101,1
180.14072,1
183.61374,1
185.48166,1
184.70244,1
181.55576,1
177.44882,1
174.55888,1
172.33907,1
170.50906,1
168.53755,1
166.21004,1
165.19543,1
165.57846,1
169.71646,1
179.82242,1
188.819,1
194.57678,1
196.85507,1
195.5802,1
191.85104,1
188.84406,1
186.70908,1
185.07959,1
183.75949,1
184.20956,1
185.65588,1
187.84146,1
189.65727,1
190.06488,1
189.01242,1
187.03159,1
185.59518,1
184.45224,1
182.83414,1
180.40729,1
178.25351,1
176.4972,1
175.55544,1
175.08194,1
173.6331,1
170.78322,1
167.40263,1
165.38654,1
162.42133,1
159.04753,1
155.55511,1
152.63232,1
154.73917,1
165.71518,1
170.65033,1
173.45438,1
173.54724,1
171.85397,1
168.59659,1
165.63731,1
164.54108,1
164.96762,1
165.95042,1
165.77513,1
166.52505,1
169.95616,1
173.24045,1
174.31886,1
173.22052,1
171.69305,1
170.76785,1
169.59857,1
167.65247,1
166.60548,1
167.05023,1
168.54025,1
172.12871,1
173.02646,1
172.33241,1
171.3479,1
168.99463,1
164.65544,1
160.96616,1
160.24771,1
160.93759,1
160.81998,1
159.21544,1
157.53821,1
157.17473,1
164.23499,1
170.39456,1
175.31433,1
178.68787,1
180.3289,1
181.12338,1
181.59384,1
182.12625,1
181.92429,1
181.4416,1
180.80794,1
179.22757,1
178.84857,1
183.15033,1
188.41895,1
191.80731,1
193.8192,1
194.60338,1
194.12613,1
193.2395,1
192.62984,1
192.03424,1
191.69168,1
191.91968,1
190.90979,1
189.03961,1
189.30708,1
191.96083,1
193.98032,1
195.05975,1
195.99612,1
196.77066,1
196.83243,1
195.52917,1
193.00537,1
189.94058,1
186.93686,1
186.47264,1
189.51166,1
190.42352,1
190.10303,1
188.87723,1
187.875,1
186.41815,1
184.80405,1
183.56192,1
183.33484,1
183.33063,1
182.63885,1
183.51817,1
186.47891,1
188.67288,1
188.5863,1
187.37454,1
185.8393,1
185.15538,1
184.72998,1
183.80505,1
181.81412,1
179.01772,1
176.91754,1
179.16019,1
181.02744,1
181.96948,1
181.60574,1
179.52692,1
176.5913,1
173.0445,1
168.95924,1
165.61432,1
163.8371,1
161.7723,1
158.70032,1
157.657,1
163.82098,1
171.92603,1
178.02333,1
181.8093,1
183.29803,1
182.26794,1
179.69174,1
177.87466,1
177.54918,1
177.07602,1
175.67332,1
173.8929,1
175.25894,1
181.1276,1
186.46347,1
189.56981,1
189.9555,1
187.99744,1
184.89493,1
181.87894,1
180.0993,1
179.95193,1
180.49396,1
181.05573,1
181.81747,1
181.07184,1
179.03651,1
177.41853,1
175.53049,1
172.92398,1
170.29727,1
168.98166,1
169.00107,1
169.42117,1
169.26518,1
169.03482,1
169.37938,1
166.30615,1
164.81857,1
165.35025,1
166.44061,1
167.65518,1
168.23413,1
166.97052,1
165.4277,1
165.63025,1
164.95288,1
163.55432,1
164.4604,1
169.91461,1
174.3843,1
176.28264,1
176.26202,1
174.46213,1
170.24605,1
164.42839,1
159.39919,1
157.63132,1
160.51093,1
164.41434,1
171.20905,1
175.76585,1
177.3099,1
177.63931,1
175.94768,1
170.67798,1
163.96552,1
159.41937,1
157.27628,1
157.28262,1
158.31912,1
158.80664,1
159.04358,1
159.78438,1
157.25377,1
155.1633,1
153.35562,1
152.21304,1
150.75266,1
147.91055,1
146.75897,1
145.65286,1
146.20804,1
147.05858,1
148.61813,1
150.13788,1
152.39543,1
157.28143,1
162.40569,1
165.06467,1
164.4821,1
161.90028,1
158.94403,1
156.83357,1
155.3697,1
155.17952,1
154.95901,1
154.23065,1
153.0946,1
155.7925,1
163.71043,1
169.48798,1
172.26862,1
173.26965,1
171.83871,1
167.43552,1
162.23878,1
158.36942,1
154.87195,1
155.50145,1
166.28178,1
177.36996,1
183.29684,1
184.92587,1
183.61028,1
180.44771,1
177.28287,1
174.94763,1
175.70668,1
176.6177,1
174.61731,1
172.24048,1
171.43161,1
171.59427,1
174.13956,1
178.79694,1
182.2182,1
184.65796,1
186.27628,1
187.1135,1
185.73178,1
183.11212,1
181.04495,1
179.47867,1
182.09811,1
186.35922,1
187.77954,1
185.621,1
181.35925,1
176.17545,1
170.91588,1
168.61221,1
167.49438,1
166.28938,1
165.51106,1
163.66096,1
161.92944,1
161.22491,1
169.78299,1
177.73264,1
182.25287,1
183.05794,1
182.3773,1
182.45914,1
181.52689,1
178.4011,1
175.25601,1
171.95288,1
168.51913,1
167.0925,1
167.61153,1
169.1276,1
170.39569,1
171.54494,1
174.36096,1
177.44894,1
179.5105,1
179.63696,1
178.59592,1
177.2916,1
175.59894,1
174.20236,1
172.66788,1
174.379,1
178.59297,1
178.8562,1
177.72546,1
176.47803,1
175.24841,1
172.37901,1
169.171,1
166.08914,1
164.48047,1
165.1916,1
166.28104,1
167.1014,1
166.64807,1
168.45894,1
173.77307,1
176.04639,1
177.1177,1
177.91083,1
179.00797,1
180.53299,1
182.17493,1
181.24551,1
179.0274,1
177.12207,1
177.0023,1
179.6312,1
180.04199,1
179.17061,1
177.07971,1
175.36565,1
173.93613,1
173.65878,1
172.11568,1
169.11133,1
166.80914,1
167.4884,1
168.9789,1
165.54355,1
164.02863,1
165.06866,1
166.51599,1
169.45816,1
172.15121,1
171.50368,1
169.07538,1
167.31525,1
167.14348,1
168.84456,1
169.67023,1
169.34851,1
168.18071,1
169.59717,1
173.8902,1
178.16188,1
182.85844,1
186.85754,1
189.03516,1
189.76701,1
189.37766,1
187.50253,1
185.96716,1
185.97119,1
186.76062,1
185.95221,1
179.96107,1
174.5389,1
171.66336,1
169.979,1
169.31592,1
169.5143,1
169.65485,1
169.10605,1
168.12277,1
168.34093,1
169.16388,1
168.99652,1
167.86649,1
168.11351,1
169.41003,1
172.26337,1
174.07233,1
172.36743,1
168.92807,1
166.26666,1
165.70741,1
167.0108,1
168.99194,1
171.27893,1
176.19322,1
181.1605,1
183.17366,1
183.80711,1
184.30304,1
183.93623,1
183.17026,1
183.55501,1
183.91399,1
183.61797,1
183.84134,1
184.93497,1
184.38718,1
180.81104,1
176.39609,1
172.60004,1
170.56328,1
170.89279,1
172.22069,1
172.94669,1
172.38443,1
171.14906,1
170.7334,1
172.8277,1
172.52664,1
169.37314,1
167.33856,1
166.71872,1
166.93414,1
167.06335,1
166.11438,1
164.43393,1
162.07343,1
160.53113,1
160.44849,1
161.53098,1
168.39127,1
176.70422,1
183.59135,1
186.81662,1
187.28644,1
186.19736,1
184.94348,1
184.97443,1
184.18066,1
182.78984,1
181.72493,1
180.77777,1
181.90544,1
185.7233,1
186.90292,1
185.7398,1
182.84158,1
178.85378,1
175.71481,1
175.27405,1
175.82568,1
176.487,1
175.89363,1
174.4961,1
173.4271,1
173.80997,1
176.58693,1
178.6082,1
179.73218,1
179.06192,1
177.15814,1
175.115,1
173.99176,1
172.75557,1
169.84547,1
167.57698,1
167.65894,1
174.35236,1
181.37393,1
186.70279,1
188.88791,1
188.82826,1
188.39551,1
187.39442,1
185.9887,1
184.31903,1
181.65433,1
179.22879,1
177.73032,1
179.68346,1
182.20615,1
183.25832,1
183.02618,1
182.43173,1
180.96205,1
178.89368,1
176.85786,1
176.03265,1
175.10565,1
172.49812,1
169.49023,1
170.88797,1
174.25839,1
174.09436,1
173.28766,1
172.8599,1
172.15414,1
170.70816,1
167.98653,1
165.43503,1
162.78491,1
160.43633,1
159.26465,1
157.42987,1
156.08551,1
160.4166,1
166.00206,1
169.89632,1
173.05768,1
174.95496,1
175.86322,1
175.8699,1
175.38689,1
175.3458,1
176.01555,1
176.98965,1
178.01134,1
180.73805,1
183.78468,1
185.74953,1
186.78091,1
186.66846,1
185.27896,1
183.44536,1
182.4532,1
183.12648,1
185.84506,1
188.10257,1
187.33817,1
185.79376,1
184.94202,1
184.06696,1
182.73174,1
181.74658,1
182.05222,1
182.54762,1
182.16098,1
181.15805,1
179.57437,1
177.04114,1
174.3504,1
176.09647,1
179.77068,1
181.30313,1
180.7829,1
179.09207,1
177.30258,1
177.19116,1
178.48392,1
180.86148,1
182.46562,1
182.72556,1
184.11171,1
185.0662,1
185.37852,1
185.75482,1
185.41422,1
183.48358,1
180.68954,1
178.50928,1
178.48569,1
180.55505,1
182.71692,1
183.563,1
181.76056,1
179.45432,1
177.63907,1
175.2276,1
173.8728,1
173.96085,1
173.42596,1
171.66687,1
168.43549,1
165.26718,1
164.27567,1
168.13716,1
173.90216,1
179.92316,1
184.00647,1
184.87964,1
183.78104,1
182.4465,1
180.66788,1
177.60175,1
175.72992,1
175.71793,1
175.61858,1
175.69116,1
176.69507,1
178.23807,1
179.97052,1
180.95374,1
180.36438,1
178.25946,1
174.9076,1
171.09616,1
169.2657,1
169.14728,1
168.6488,1
169.95981,1
174.76747,1
178.14374,1
177.96555,1
174.43994,1
169.18253,1
165.51733,1
162.8641,1
160.7055,1
159.33578,1
161.7474,1
170.8547,1
179.07391,1
185.06241,1
188.11984,1
189.13669,1
189.78355,1
189.69754,1
188.06339,1
184.63452,1
182.51025,1
181.87305,1
181.14642,1
181.01216,1
183.74106,1
186.12628,1
185.74452,1
182.14607,1
176.27002,1
171.17087,1
167.66852,1
163.71901,1
160.69766,1
160.61618,1
163.80049,1
170.41339,1
174.26595,1
175.6774,1
175.42406,1
174.15831,1
171.7911,1
169.27536,1
166.97473,1
164.86551,1
163.44836,1
162.09337,1
160.24785,1
164.49458,1
170.77888,1
176.96031,1
181.49101,1
183.1247,1
182.39207,1
180.04016,1
178.1817,1
177.88345,1
177.90958,1
176.96301,1
175.46667,1
174.27469,1
175.14072,1
178.38165,1
181.19258,1
182.44885,1
181.76196,1
180.58789,1
180.64894,1
181.97807,1
183.2432,1
183.2528,1
183.05087,1
183.11894,1
182.92041,1
183.71077,1
186.15344,1
188.09058,1
189.35461,1
190.10957,1
189.5989,1
187.9873,1
185.80927,1
183.77054,1
181.48747,1
178.26917,1
174.16467,1
171.21716,1
175.06369,1
182.49942,1
189.23761,1
194.27536,1
196.64847,1
196.87029,1
196.20703,1
195.5265,1
194.60892,1
192.64182,1
190.1775,1
188.97522,1
190.26819,1
192.24234,1
193.3409,1
193.3174,1
191.84482,1
189.05933,1
185.40489,1
182.06131,1
179.56186,1
176.5903,1
172.48528,1
169.54588,1
170.26898,1
172.92001,1
173.276,1
171.3411,1
168.89426,1
167.08786,1
165.4902,1
163.86787,1
162.61887,1
168.00562,1
176.99341,1
186.5871,1
194.40015,1
198.30351,1
199.94351,1
200.01749,1
198.60907,1
197.58044,1
197.30444,1
197.1466,1
196.80882,1
195.0831,1
192.10571,1
190.21361,1
191.91061,1
194.65329,1
196.63165,1
197.14206,1
195.79236,1
193.07071,1
189.612,1
185.6928,1
181.40231,1
181.00377,1
182.6555,1
182.60106,1
181.07166,1
178.60732,1
176.05739,1
174.49179,1
172.34206,1
170.17914,1
167.92697,1
166.11942,1
164.193,1
163.25832,1
167.61694,1
175.76149,1
184.11423,1
190.7169,1
194.0553,1
194.25734,1
192.57777,1
190.50954,1
189.37935,1
189.40526,1
191.16496,1
196.15057,1
201.19614,1
203.90451,1
203.8013,1
201.60089,1
198.4211,1
196.0177,1
194.11884,1
192.45377,1
190.22675,1
187.79729,1
184.2211,1
181.31308,1
178.18039,1
175.42773,1
172.61441,1
170.84167,1
168.39337,1
166.51906,1
165.85425,1
164.39969,1
162.7921,1
162.30975,1
162.79367,1
163.30809,1
163.75502,1
166.38144,1
170.88272,1
175.37769,1
179.32202,1
182.7205,1
185.14212,1
184.8638,1
183.01016,1
182.66391,1
183.36226,1
184.39072,1
184.1951,1
184.04318,1
186.1933,1
190.2112,1
193.62604,1
194.88483,1
194.02405,1
192.32059,1
192.15392,1
192.139,1
191.7532,1
191.54724,1
191.29102,1
190.55777,1
190.5567,1
192.10913,1
193.2396,1
194.7294,1
195.19296,1
194.02232,1
191.71698,1
189.18379,1
186.64204,1
184.30011,1
181.88846,1
180.34496,1
182.29892,1
187.87646,1
195.51755,1
202.00053,1
206.24557,1
207.81424,1
205.73865,1
202.15607,1
198.8888,1
196.18564,1
193.82306,1
192.31671,1
191.45798,1
192.57907,1
195.79855,1
197.56262,1
196.53214,1
193.18115,1
189.46951,1
187.0846,1
186.5696,1
186.34344,1
184.87267,1
184.69646,1
184.26898,1
183.69814,1
182.24475,1
179.85617,1
177.36166,1
175.01059,1
172.84474,1
171.39404,1
170.55382,1
169.25896,1
167.71611,1
173.63484,1
183.92148,1
192.11258,1
196.67874,1
197.8639,1
197.33939,1
196.70432,1
195.43118,1
195.07394,1
194.84238,1
193.89072,1
193.16766,1
191.56464,1
188.4788,1
183.80032,1
181.11487,1
182.67429,1
185.23581,1
186.6112,1
185.89658,1
185.20964,1
184.06909,1
182.08813,1
179.76678,1
179.20947,1
181.24664,1
182.49678,1
181.23135,1
177.19536,1
172.33478,1
170.28903,1
170.5115,1
170.21613,1
169.33658,1
168.70789,1
169.74185,1
177.41359,1
188.33118,1
198.04123,1
203.11923,1
204.2385,1
202.75732,1
200.80399,1
199.20645,1
197.81586,1
196.89229,1
196.5199,1
198.16818,1
200.53214,1
201.88562,1
201.15991,1
198.22241,1
194.94344,1
191.83975,1
188.86087,1
186.62955,1
184.75366,1
182.49811,1
180.75732,1
180.19751,1
182.10312,1
181.72285,1
182.08374,1
182.19276,1
181.04419,1
179.7549,1
177.48935,1
174.00558,1
171.53757,1
170.35114,1
168.5481,1
166.47812,1
165.60852,1
165.92857,1
166.8866,1
167.33713,1
171.82898,1
180.40956,1
187.40735,1
192.01178,1
194.53452,1
194.66348,1
193.26459,1
191.14948,1
190.05167,1
189.44278,1
188.50525,1
187.2391,1
186.511,1
185.77487,1
186.3308,1
189.40411,1
192.47714,1
194.43536,1
194.99756,1
194.36607,1
194.03427,1
194.20032,1
193.87592,1
192.05647,1
189.52373,1
188.46982,1
190.2059,1
192.00462,1
192.62173,1
192.47972,1
191.68747,1
190.60512,1
188.83078,1
186.74092,1
185.25085,1
184.47789,1
184.17401,1
184.0355,1
183.23312,1
182.09097,1
183.45792,1
186.67685,1
189.88052,1
193.06009,1
195.51074,1
196.00876,1
194.75351,1
192.76001,1
189.58427,1
185.50595,1
182.77817,1
182.15822,1
183.2457,1
185.36897,1
185.88184,1
184.3262,1
181.90761,1
180.51978,1
179.15334,1
177.34827,1
174.76355,1
171.63173,1
167.8262,1
163.86444,1
161.05498,1
159.83478,1
161.88834,1
165.43631,1
168.34099,1
169.36038,1
168.19444,1
166.2568,1
164.59204,1
162.73593,1
160.02353,1
157.27028,1
155.58272,1
154.27234,1
152.47107,1
151.2413,1
150.17584,1
148.2873,1
145.89645,1
144.01056,1
143.34406,1
144.48514,1
152.85158,1
164.82089,1
175.07693,1
181.70233,1
184.5969,1
185.03146,1
184.86333,1
184.65933,1
184.61095,1
184.20529,1
183.04352,1
181.10318,1
179.24005,1
180.40176,1
183.45935,1
185.30066,1
184.42578,1
182.23181,1
180.79654,1
179.74957,1
178.22943,1
176.35522,1
173.82153,1
170.38486,1
169.76474,1
175.63109,1
183.37933,1
186.95483,1
185.82288,1
181.43875,1
177.02156,1
175.38245,1
175.61555,1
175.71039,1
175.14645,1
173.90044,1
173.29132,1
175.93048,1
180.2724,1
182.83499,1
182.44771,1
179.57413,1
175.80164,1
173.07657,1
171.67725,1
170.19717,1
170.32773,1
170.8389,1
173.91057,1
179.23738,1
185.11139,1
188.25012,1
187.28107,1
182.71062,1
177.69641,1
174.99796,1
173.6608,1
171.8641,1
169.9937,1
171.80862,1
176.09329,1
179.83826,1
180.42603,1
177.73346,1
172.7831,1
168.60046,1
166.24933,1
165.16147,1
164.5122,1
164.41222,1
172.69394,1
181.1459,1
184.79134,1
184.6543,1
183.0344,1
180.04962,1
175.99722,1
172.36647,1
168.8269,1
165.49545,1
162.34848,1
160.0293,1
159.4707,1
162.07831,1
165.55356,1
168.08464,1
170.54123,1
171.19586,1
168.56749,1
164.69244,1
162.9147,1
162.08037,1
162.4285,1
163.83032,1
169.25533,1
175.52663,1
179.81999,1
180.22888,1
176.41408,1
169.7101,1
163.5318,1
161.45673,1
161.0682,1
160.28354,1
159.46837,1
160.15549,1
169.13983,1
175.40927,1
178.51361,1
179.17566,1
176.72519,1
172.33768,1
169.16914,1
167.73657,1
166.37302,1
164.55997,1
162.81891,1
164.8938,1
174.17105,1
183.90413,1
190.2362,1
193.10048,1
193.67712,1
194.2599,1
195.45747,1
196.42038,1
196.70438,1
196.46823,1
195.63824,1
196.8848,1
200.23787,1
204.00919,1
206.49318,1
207.40726,1
206.6872,1
204.58759,1
201.28915,1
197.66016,1
194.61746,1
191.82788,1
187.68208,1
183.27034,1
181.67917,1
186.27939,1
192.80768,1
195.75072,1
196.1041,1
195.01944,1
194.1094,1
193.4041,1
191.22684,1
189.20154,1
188.20535,1
186.68759,1
185.26166,1
186.05975,1
187.71442,1
189.37012,1
190.44339,1
190.0882,1
189.12067,1
187.84726,1
186.93088,1
187.78104,1
188.4798,1
187.81082,1
187.68257,1
188.91202,1
191.0104,1
191.1903,1
188.29962,1
183.90903,1
181.98401,1
181.3248,1
181.35764,1
181.93143,1
181.92773,1
181.96518,1
183.18419,1
183.5991,1
181.9794,1
179.21251,1
176.77332,1
175.5045,1
175.1437,1
175.2575,1
175.43484,1
176.98145,1
180.31975,1
182.24347,1
183.31259,1
184.06216,1
183.58704,1
182.1083,1
181.77167,1
181.32535,1
180.19069,1
179.39177,1
179.43117,1
178.7634,1
178.72305,1
177.26422,1
174.38275,1
171.30078,1
169.04573,1
167.60815,1
166.76349,1
166.73985,1
167.4274,1
168.36124,1
172.53683,1
174.47827,1
172.59766,1
169.7316,1
166.57993,1
164.17064,1
164.09563,1
164.43884,1
164.0705,1
163.57841,1
164.58847,1
166.15436,1
168.85896,1
173.50226,1
177.11694,1
178.2464,1
177.60898,1
175.93317,1
173.78958,1
170.91277,1
168.41992,1
168.28076,1
170.60104,1
172.03969,1
170.55603,1
169.01181,1
167.84624,1
166.48413,1
163.80615,1
161.00426,1
159.67297,1
159.35849,1
160.22174,1
161.46094,1
164.70706,1
169.773,1
172.55144,1
173.7399,1
175.1395,1
176.67072,1
177.63141,1
176.59875,1
173.57774,1
170.8754,1
169.63344,1
168.78352,1
168.0765,1
170.00717,1
173.68822,1
177.48051,1
179.40375,1
178.39818,1
175.1839,1
171.47052,1
168.42227,1
167.62642,1
167.59343,1
168.28943,1
173.08604,1
177.64622,1
180.15845,1
180.54034,1
177.8548,1
173.7568,1
170.73724,1
167.73358,1
165.87212,1
165.13391,1
165.26895,1
165.3344,1
166.25896,1
168.56467,1
171.49438,1
173.2311,1
174.60529,1
174.99788,1
173.4101,1
169.33005,1
165.32138,1
165.01529,1
165.9864,1
166.73975,1
166.87299,1
167.03467,1
171.41498,1
176.69183,1
179.55167,1
180.09851,1
179.60751,1
177.65692,1
174.0753,1
170.85834,1
169.53735,1
168.55383,1
167.32463,1
167.92282,1
172.0368,1
170.57669,1
169.11559,1
169.67654,1
170.76805,1
170.35777,1
168.60239,1
167.89977,1
168.30092,1
169.0167,1
169.46754,1
167.75299,1
165.2749,1
168.78665,1
173.96211,1
179.05902,1
183.05817,1
185.84988,1
187.25793,1
188.29988,1
188.67957,1
187.99243,1
186.91812,1
186.1728,1
184.7934,1
184.68042,1
185.37082,1
186.9219,1
188.13914,1
189.01314,1
189.92305,1
190.71918,1
190.85696,1
190.2916,1
189.88684,1
190.64047,1
189.31265,1
184.5847,1
180.5105,1
177.88748,1
176.73767,1
175.3144,1
173.9451,1
172.48877,1
169.64465,1
167.9009,1
168.31512,1
168.94397,1
168.26132,1
165.75665,1
168.49397,1
175.26654,1
180.4266,1
183.96693,1
185.98656,1
186.09625,1
185.8988,1
185.22858,1
183.28299,1
180.51764,1
178.99167,1
178.04707,1
177.69574,1
181.51413,1
185.18967,1
187.15784,1
187.93164,1
187.35641,1
185.14406,1
182.34274,1
179.35057,1
177.83945,1
176.93881,1
177.00449,1
182.06451,1
186.80667,1
188.69174,1
188.35608,1
186.5538,1
184.17331,1
182.147,1
181.5516,1
180.80429,1
178.58763,1
176.35254,1
176.7334,1
182.25348,1
186.49225,1
189.49231,1
191.02539,1
192.09097,1
192.7366,1
193.03305,1
193.92355,1
195.29053,1
195.99973,1
194.95532,1
194.04736,1
194.81512,1
194.51163,1
194.64084,1
195.62424,1
196.57318,1
196.6034,1
196.02484,1
194.56654,1
192.87686,1
191.89847,1
192.09743,1
186.29181,1
179.64629,1
173.45132,1
169.68379,1
167.81143,1
167.77765,1
168.86006,1
167.78815,1
165.8808,1
164.31424,1
162.71802,1
160.53998,1
158.32285,1
159.78978,1
163.99905,1
169.06464,1
172.91779,1
175.29764,1
176.71915,1
176.55394,1
174.71793,1
173.0535,1
172.64499,1
173.99712,1
175.78436,1
175.90767,1
175.43958,1
177.73929,1
181.91132,1
185.37599,1
186.51917,1
185.34944,1
183.26459,1
181.80573,1
180.50851,1
178.79018,1
177.62543,1
176.86908,1
176.14825,1
178.47646,1
177.4095,1
175.50037,1
173.91437,1
174.26228,1
175.79442,1
174.90079,1
173.85753,1
172.96416,1
171.76831,1
171.04814,1
171.37775,1
174.11664,1
175.72295,1
178.32721,1
181.8348,1
185.28629,1
187.75493,1
188.3938,1
188.64175,1
189.06236,1
189.27075,1
189.10579,1
189.4013,1
190.035,1
190.40143,1
190.81107,1
190.65866,1
190.08661,1
189.70233,1
189.6066,1
189.46127,1
190.17052,1
192.16214,1
194.25267,1
191.05801,1
182.4748,1
175.92336,1
173.20706,1
173.2725,1
172.70761,1
171.06654,1
168.94878,1
168.01138,1
167.62923,1
167.9872,1
167.95955,1
166.67117,1
165.14674,1
166.53726,1
172.1882,1
176.75336,1
178.93732,1
179.95941,1
180.82458,1
181.08154,1
180.68518,1
178.64894,1
175.25735,1
172.61159,1
171.35205,1
174.6075,1
179.21306,1
183.19856,1
185.10056,1
185.20425,1
183.46533,1
179.90991,1
176.85468,1
174.8263,1
173.64844,1
173.84311,1
174.94542,1
180.31079,1
188.16446,1
191.07413,1
191.544,1
190.36076,1
187.35,1
184.23871,1
182.47746,1
180.09637,1
177.33865,1
174.76743,1
172.91165,1
174.57181,1
183.19824,1
189.1183,1
192.30737,1
194.25098,1
194.89822,1
194.87686,1
195.36356,1
196.87222,1
197.8067,1
196.82448,1
195.90503,1
197.59354,1
199.21393,1
199.48813,1
198.71887,1
197.29248,1
195.93982,1
195.51997,1
195.70932,1
195.84235,1
194.3744,1
190.07913,1
185.31778,1
181.66768,1
179.76746,1
178.24841,1
176.32666,1
175.08957,1
174.4318,1
173.85628,1
172.8901,1
171.21684,1
168.94345,1
167.05716,1
166.2776,1
168.51202,1
174.25694,1
179.88776,1
183.40411,1
183.9628,1
182.63168,1
180.0643,1
177.42532,1
175.78741,1
174.9829,1
176.1449,1
181.07248,1
185.88571,1
188.12051,1
188.33237,1
186.87047,1
185.22693,1
184.28719,1
184.12805,1
183.99078,1
182.92963,1
180.98233,1
178.7714,1
180.65399,1
183.53738,1
184.31578,1
182.3724,1
178.59416,1
175.2664,1
173.33636,1
170.4945,1
168.52563,1
169.13768,1
170.47067,1
171.09448,1
170.69073,1
172.66704,1
178.04845,1
182.63397,1
184.78851,1
184.95699,1
183.34189,1
180.8609,1
179.57526,1
178.82715,1
178.72968,1
178.77066,1
180.07593,1
183.16965,1
185.51114,1
185.96387,1
184.27669,1
180.72447,1
176.5695,1
173.66629,1
171.41002,1
168.70517,1
165.76431,1
166.86707,1
172.49475,1
176.15982,1
177.4895,1
176.8862,1
174.56873,1
171.2786,1
167.71368,1
164.70976,1
163.84645,1
164.69511,1
164.64444,1
162.74826,1
159.49326,1
154.90988,1
155.60489,1
166.03406,1
177.18869,1
184.21744,1
185.81625,1
183.69885,1
180.52393,1
178.0146,1
175.28201,1
173.8852,1
174.35835,1
178.0694,1
182.06137,1
185.0611,1
185.77039,1
184.63243,1
182.87971,1
180.77988,1
178.58789,1
177.65347,1
177.48827,1
177.04782,1
178.96315,1
181.98564,1
183.86365,1
183.68202,1
181.57703,1
178.54044,1
176.13092,1
174.0483,1
172.57318,1
170.79181,1
168.63159,1
166.0374,1
163.40427,1
163.72633,1
169.98247,1
176.68262,1
180.39977,1
181.07547,1
179.55737,1
176.36166,1
174.90662,1
174.06146,1
173.83496,1
174.26144,1
175.35075,1
178.2555,1
181.90195,1
183.99786,1
183.57967,1
180.92735,1
177.12714,1
175.54263,1
175.53885,1
174.89589,1
172.8464,1
170.00146,1
169.05518,1
170.78314,1
171.95444,1
171.23953,1
168.61395,1
164.18448,1
159.37201,1
155.31497,1
151.32181,1
148.10522,1
145.7692,1
144.72437,1
144.34045,1
144.14157,1
151.22568,1
163.2139,1
172.40295,1
176.16284,1
175.30904,1
172.85104,1
171.3797,1
169.8461,1
167.96672,1
166.83951,1
165.29291,1
163.49904,1
161.6703,1
162.56087,1
167.72874,1
171.31372,1
173.09305,1
173.61862,1
172.6902,1
169.437,1
165.35052,1
162.52658,1
161.6781,1
161.02182,1
159.52908,1
161.09784,1
165.70929,1
169.12244,1
170.85071,1
169.8705,1
166.15103,1
161.89691,1
158.03448,1
154.76093,1
153.96065,1
154.40059,1
154.13873,1
154.52992,1
158.70929,1
163.78253,1
167.50723,1
169.18526,1
168.47003,1
166.45016,1
163.89507,1
161.70619,1
161.65234,1
162.61987,1
162.5548,1
162.93707,1
166.43073,1
169.84088,1
172.35872,1
172.72035,1
170.82481,1
167.93228,1
164.78171,1
162.17804,1
159.45416,1
156.3909,1
158.7618,1
167.05325,1
172.47437,1
174.78622,1
173.93338,1
169.80719,1
163.29303,1
157.53702,1
152.57256,1
148.82016,1
146.24423,1
144.75517,1
144.02997,1
142.9786,1
141.04123,1
139.4209,1
146.00836,1
156.22997,1
164.59407,1
168.41693,1
168.92789,1
167.99792,1
166.22293,1
164.53308,1
162.75705,1
161.90521,1
161.78125,1
160.61043,1
161.9582,1
166.48546,1
169.70648,1
171.40198,1
170.66858,1
168.88019,1
167.41083,1
166.29738,1
165.21777,1
163.7501,1
162.15909,1
160.50906,1
158.69397,1
157.28122,1
159.05731,1
161.99265,1
163.61954,1
163.19852,1
160.88245,1
157.7092,1
154.2648,1
150.1376,1
146.79547,1
144.93846,1
144.38876,1
143.55902,1
144.09863,1
146.06245,1
148.92155,1
153.09644,1
155.57506,1
156.21078,1
155.72488,1
154.44592,1
153.1667,1
151.35834,1
150.29977,1
154.7931,1
161.06961,1
165.57715,1
166.879,1
165.54037,1
162.3724,1
159.18633,1
156.27359,1
153.86003,1
151.14243,1
148.52707,1
146.31163,1
143.32211,1
143.3146,1
148.38428,1
153.36865,1
155.53177,1
155.06192,1
152.3316,1
146.97922,1
140.78456,1
134.82896,1
130.59625,1
129.44043,1
130.48396,1
131.71219,1
131.6623,1
130.03854,1
127.83037,1
127.15694,1
127.55921,1
135.24905,1
148.44122,1
160.92099,1
169.24371,1
172.51576,1
171.78314,1
169.0253,1
165.77753,1
162.41248,1
159.84299,1
156.8528,1
154.40442,1
154.30482,1
154.51779,1
156.86607,1
165.6091,1
172.29568,1
175.93954,1
176.70389,1
175.04063,1
172.47664,1
170.30937,1
167.86972,1
165.57207,1
164.0138,1
163.33652,1
167.54507,1
171.43945,1
173.22144,1
173.78865,1
173.01593,1
170.72491,1
167.03654,1
163.46796,1
161.45135,1
160.69078,1
161.92464,1
167.77356,1
175.13867,1
182.05838,1
185.05676,1
185.5178,1
185.25563,1
184.03018,1
181.2438,1
177.55063,1
174.58972,1
171.92743,1
169.11569,1
168.29428,1
173.4934,1
179.75998,1
183.16345,1
183.26602,1
180.85683,1
177.31485,1
173.38513,1
169.99808,1
167.15512,1
164.49963,1
163.6276,1
165.44785,1
168.85498,1
172.41452,1
173.0743,1
171.56454,1
169.2251,1
166.37051,1
162.47598,1
158.97964,1
156.9656,1
160.17578,1
168.39575,1
177.27168,1
180.45328,1
180.6531,1
178.90866,1
176.82126,1
174.31596,1
171.6192,1
169.9646,1
168.90286,1
168.60712,1
169.92007,1
170.7184,1
171.83032,1
174.77896,1
177.95987,1
180.01704,1
179.20303,1
175.21521,1
169.54736,1
166.75235,1
167.37834,1
169.19266,1
168.85062,1
167.4577,1
165.52026,1
166.24716,1
167.50714,1
166.20767,1
164.21086,1
162.46033,1
160.97812,1
160.41928,1
160.30623,1
159.90456,1
166.0395,1
176.16774,1
179.71848,1
181.42197,1
182.2013,1
182.64124,1
183.09454,1
182.42506,1
180.83752,1
178.17047,1
177.34076,1
178.78906,1
179.78381,1
180.2215,1
179.69849,1
178.59735,1
178.41022,1
179.25685,1
179.47906,1
179.95718,1
180.62679,1
180.9971,1
180.82828,1
180.96893,1
181.26234,1
177.17511,1
172.30963,1
168.04073,1
165.25742,1
162.84787,1
160.5705,1
159.85556,1
160.39925,1
159.65207,1
157.96483,1
156.52097,1
155.8728,1
155.87897,1
156.99463,1
159.28912,1
161.71439,1
164.53038,1
166.66678,1
166.14886,1
164.21243,1
162.52052,1
162.06041,1
163.36896,1
165.7904,1
168.09247,1
168.95767,1
167.85867,1
166.6642,1
167.95718,1
169.11325,1
169.19507,1
168.98166,1
167.97676,1
166.65472,1
165.93039,1
165.46686,1
165.4052,1
166.21475,1
170.35239,1
175.2522,1
176.10461,1
175.11618,1
173.70618,1
172.49197,1
171.6665,1
171.27277,1
169.50452,1
166.65466,1
164.52985,1
166.61359,1
173.86256,1
178.0799,1
180.69557,1
183.84879,1
186.50247,1
187.95586,1
187.676,1
185.98825,1
184.98692,1
185.90164,1
187.17728,1
185.06187,1
182.68044,1
181.59055,1
181.58029,1
181.59354,1
181.17111,1
180.7857,1
180.18301,1
179.84167,1
178.97021,1
177.8572,1
176.43454,1
173.61908,1
170.13992,1
167.04573,1
166.03244,1
165.8294,1
166.57634,1
168.00162,1
168.93814,1
168.95702,1
168.10771,1
166.61095,1
164.97433,1
166.56314,1
171.89888,1
177.02298,1
181.18393,1
181.63564,1
179.08385,1
175.39674,1
172.29474,1
170.26439,1
168.26143,1
166.16766,1
165.50406,1
167.66724,1
174.0635,1
179.54173,1
182.08742,1
181.94681,1
180.6792,1
179.01892,1
176.64212,1
173.2655,1
172.66167,1
175.22368,1
177.39673,1
176.32393,1
170.33508,1
166.944,1
164.7286,1
165.08878,1
165.26099,1
164.85175,1
164.35391,1
163.56335,1
162.26558,1
160.75368,1
160.45917,1
166.26746,1
174.09584,1
176.62523,1
177.35605,1
179.0036,1
182.37086,1
184.37268,1
184.69379,1
184.8237,1
185.79364,1
186.51248,1
184.93427,1
178.95842,1
173.31992,1
168.95663,1
167.53133,1
168.79031,1
170.59808,1
172.04892,1
173.39958,1
175.06964,1
176.68042,1
177.56879,1
174.47256,1
167.01636,1
162.92465,1
161.92892,1
162.95602,1
165.40585,1
167.2392,1
166.90408,1
164.64374,1
161.47052,1
158.8284,1
157.57086,1
155.5604,1
154.154,1
160.3213,1
162.41232,1
162.58925,1
163.88373,1
166.4502,1
169.10336,1
169.40204,1
168.90956,1
168.53352,1
168.6706,1
170.08176,1
172.01498,1
172.72012,1
170.7212,1
166.82523,1
164.62268,1
164.14316,1
165.5262,1
167.51663,1
167.66473,1
168.01912,1
167.12273,1
164.9382,1
163.8281,1
165.87357,1
168.06046,1
169.33136,1
169.65332,1
169.0499,1
168.68396,1
169.93408,1
170.80914,1
171.23013,1
170.78935,1
169.74295,1
168.95918,1
167.084,1
164.65445,1
163.92282,1
166.61176,1
169.9624,1
172.19165,1
173.3024,1
174.3281,1
175.67148,1
176.7698,1
178.05438,1
180.52649,1
179.47063,1
177.0751,1
174.58597,1
173.24622,1
174.21846,1
176.90796,1
178.73355,1
178.98392,1
178.63928,1
179.4399,1
182.51366,1
183.80194,1
183.42009,1
180.75693,1
177.37015,1
174.05002,1
172.44467,1
171.82654,1
171.21704,1
171.24112,1
172.2989,1
173.17105,1
175.14682,1
180.97128,1
186.14392,1
189.82132,1
190.52696,1
188.36041,1
184.90576,1
181.26408,1
178.75836,1
178.9813,1
180.4769,1
182.20898,1
182.6773,1
184.60617,1
189.35342,1
192.75392,1
193.57156,1
193.44247,1
193.6846,1
194.52457,1
195.43098,1
195.23117,1
193.52515,1
190.51254,1
186.79619,1
184.04263,1
181.13803,1
179.98683,1
179.23663,1
178.31339,1
175.76562,1
172.18378,1
169.92296,1
169.59186,1
169.95602,1
169.79651,1
169.03983,1
171.05705,1
179.38004,1
187.95612,1
193.83882,1
196.10156,1
195.32004,1
193.00916,1
190.56088,1
188.88525,1
188.3221,1
187.9172,1
186.50223,1
184.64127,1
185.03906,1
187.56442,1
189.30388,1
188.58167,1
185.48218,1
182.68478,1
181.83382,1
181.4682,1
181.13177,1
180.15681,1
177.66855,1
175.13477,1
173.58362,1
173.74957,1
174.4784,1
174.11859,1
173.56393,1
173.13287,1
172.07909,1
169.89752,1
166.44168,1
162.2764,1
159.20218,1
157.60724,1
157.62201,1
160.39258,1
164.42639,1
166.75989,1
169.495,1
171.70003,1
172.06165,1
170.53394,1
168.29706,1
166.43782,1
164.28177,1
164.43661,1
166.23239,1
167.29126,1
167.11813,1
165.81699,1
164.85617,1
164.54672,1
164.50424,1
164.93076,1
165.60492,1
170.56207,1
174.66006,1
176.33884,1
176.60236,1
175.76416,1
174.5503,1
173.07733,1
170.76154,1
169.61966,1
170.04929,1
170.67334,1
170.09137,1
168.81174,1
170.33823,1
178.9165,1
183.52716,1
185.09225,1
184.2965,1
182.68745,1
180.89569,1
179.14215,1
176.97522,1
175.33704,1
174.48624,1
174.74078,1
177.71368,1
182.83084,1
185.78345,1
187.54013,1
187.8085,1
187.8113,1
187.82074,1
188.25928,1
187.73334,1
186.90707,1
186.69696,1
186.24197,1
186.66031,1
187.07515,1
188.58487,1
190.10367,1
191.25769,1
191.77896,1
192.23409,1
192.40863,1
191.93726,1
190.1384,1
187.02408,1
184.03412,1
181.08722,1
176.84555,1
174.76904,1
174.70088,1
175.42793,1
175.42859,1
174.15402,1
172.4403,1
169.07784,1
166.46384,1
166.13538,1
169.43498,1
171.8001,1
168.85745,1
166.00806,1
163.69934,1
163.37952,1
165.27948,1
167.79678,1
169.54797,1
169.80551,1
169.93411,1
169.72476,1
171.22995,1
172.33575,1
171.71474,1
170.38718,1
170.58281,1
172.18884,1
172.94446,1
172.74677,1
172.31927,1
171.40192,1
170.88416,1
174.39514,1
179.1656,1
180.81752,1
180.28104,1
178.76471,1
177.1891,1
175.78925,1
175.84584,1
175.63974,1
174.37157,1
173.05157,1
172.02878,1
173.34686,1
178.26724,1
182.16086,1
183.41809,1
182.39197,1
181.1684,1
179.6883,1
178.65906,1
179.20653,1
181.26492,1
182.26633,1
181.67216,1
179.91977,1
178.56659,1
181.20811,1
182.97916,1
183.6146,1
184.44241,1
184.84256,1
184.91544,1
184.90901,1
184.62573,1
184.86453,1
186.56598,1
188.54932,1
189.13428,1
186.15793,1
183.3688,1
182.75406,1
183.6491,1
184.6466,1
183.18188,1
180.98628,1
177.39813,1
175.1756,1
174.51138,1
172.82306,1
170.29079,1
169.02525,1
169.40103,1
171.6857,1
174.51016,1
177.1257,1
178.74023,1
179.30542,1
178.85309,1
177.87085,1
176.53131,1
174.44016,1
172.98755,1
174.69409,1
177.9737,1
179.98712,1
181.29993,1
181.88954,1
182.33571,1
182.69984,1
182.27477,1
180.617,1
180.06516,1
181.79129,1
183.19922,1
182.97838,1
181.30939,1
180.52478,1
177.9411,1
173.92784,1
170.36743,1
170.20619,1
171.7912,1
171.90527,1
171.55861,1
170.93866,1
170.74182,1
170.48643,1
171.07227,1
172.88484,1
176.17848,1
181.04071,1
185.31927,1
189.06087,1
191.7048,1
191.94618,1
190.30739,1
189.16861,1
188.36168,1
187.6059,1
187.18872,1
186.3197,1
184.50798,1
183.95224,1
184.5192,1
185.26599,1
185.48932,1
184.7373,1
183.19678,1
181.6351,1
180.20502,1
180.07329,1
181.30072,1
182.93835,1
183.1142,1
181.75612,1
180.07262,1
179.13347,1
176.84474,1
172.20825,1
167.24185,1
164.08398,1
161.722,1
161.66171,1
164.27213,1
166.41049,1
167.13339,1
170.4968,1
175.88809,1
180.18344,1
184.19287,1
186.48213,1
187.39084,1
186.22504,1
183.02425,1
179.58286,1
177.80124,1
178.94513,1
181.31134,1
182.60922,1
183.34363,1
184.1322,1
184.56146,1
183.14307,1
179.87848,1
176.48642,1
175.59665,1
175.63867,1
175.54877,1
175.28564,1
174.66782,1
174.15172,1
176.52194,1
180.19617,1
182.0799,1
181.74188,1
179.63666,1
177.40236,1
176.14944,1
174.6298,1
173.08133,1
171.26666,1
169.35263,1
175.47867,1
185.20477,1
191.38739,1
193.3699,1
192.12158,1
189.29964,1
187.30621,1
187.24039,1
187.21118,1
185.96101,1
183.9101,1
181.7226,1
180.15593,1
179.42102,1
180.75607,1
181.22456,1
180.59085,1
179.1283,1
177.79375,1
177.74341,1
177.43634,1
177.57344,1
177.60583,1
178.24814,1
179.98872,1
180.20816,1
179.51147,1
179.09119,1
178.72098,1
177.14027,1
173.75655,1
170.37083,1
167.14911,1
165.41049,1
165.58075,1
165.99463,1
166.61041,1
170.58565,1
175.53674,1
179.06555,1
181.99207,1
184.452,1
186.24948,1
187.56213,1
187.87747,1
187.41919,1
186.6568,1
185.57913,1
184.5538,1
184.48824,1
185.51471,1
186.76804,1
189.56999,1
194.37448,1
198.68826,1
200.47404,1
199.80869,1
198.29913,1
196.9957,1
196.14761,1
195.09206,1
193.76686,1
193.07144,1
193.7436,1
194.73138,1
195.01868,1
194.55194,1
193.64407,1
192.29184,1
190.99232,1
190.5747,1
189.95932,1
188.1315,1
185.36705,1
182.89993,1
180.48457,1
180.05548,1
184.87015,1
193.88658,1
200.96194,1
203.7372,1
202.67891,1
200.50877,1
199.75342,1
199.32417,1
199.34024,1
199.92218,1
200.27649,1
199.67596,1
198.85518,1
197.1842,1
195.36096,1
193.39438,1
192.23209,1
191.91002,1
192.57822,1
193.87164,1
195.09584,1
195.81451,1
195.7998,1
193.71863,1
190.86975,1
188.733,1
187.70294,1
187.42621,1
187.20471,1
186.6924,1
186.3056,1
185.31723,1
184.19388,1
183.40578,1
182.34813,1
180.3717,1
180.1557,1
183.2801,1
187.16351,1
189.64775,1
189.248,1
187.06337,1
185.03177,1
184.11993,1
183.58804,1
182.52872,1
180.88849,1
179.84705,1
182.99419,1
188.17378,1
192.46817,1
194.49243,1
193.08926,1
190.23827,1
188.8526,1
188.45421,1
187.9408,1
186.38269,1
184.76497,1
185.1352,1
187.19754,1
189.64178,1
192.13779,1
192.85316,1
192.10141,1
190.71844,1
189.37628,1
188.42444,1
186.29633,1
183.28831,1
181.45242,1
180.6193,1
184.17603,1
189.40492,1
194.83102,1
199.43054,1
202.85056,1
204.51234,1
204.02046,1
202.25182,1
200.42783,1
199.02005,1
197.90027,1
196.20468,1
194.17383,1
193.965,1
196.15753,1
197.7962,1
197.74127,1
197.02905,1
195.9779,1
194.4352,1
192.50098,1
191.48337,1
191.47357,1
191.461,1
190.00159,1
188.94281,1
188.39307,1
187.26001,1
187.28435,1
188.0769,1
188.30255,1
187.87589,1
186.41924,1
184.20738,1
181.70464,1
180.50754,1
181.44434,1
182.87204,1
186.47403,1
191.10652,1
193.81339,1
193.97601,1
192.39462,1
190.47195,1
190.09125,1
190.69627,1
190.96552,1
189.61035,1
187.32062,1
185.51933,1
184.85745,1
186.56482,1
190.56036,1
194.6213,1
197.27632,1
198.28555,1
198.3125,1
197.5014,1
196.35666,1
195.44243,1
195.59955,1
197.06169,1
198.83926,1
200.58035,1
201.659,1
201.44867,1
200.15172,1
197.46802,1
194.59584,1
193.01556,1
191.08252,1
188.59381,1
186.1099,1
184.90617,1
183.94081,1
182.99341,1
185.05426,1
189.9548,1
196.04193,1
199.65656,1
200.08981,1
197.83363,1
194.98557,1
193.85135,1
193.61432,1
192.87393,1
192.02861,1
192.11925,1
195.05151,1
197.5433,1
197.62192,1
195.84439,1
193.60197,1
192.13351,1
191.68636,1
191.92282,1
191.45917,1
189.62604,1
187.59048,1
185.80434,1
184.24039,1
183.40076,1
183.27081,1
183.83409,1
183.33713,1
182.07654,1
180.65773,1
179.35187,1
176.94989,1
173.85057,1
170.85678,1
168.49356,1
167.20554,1
171.37137,1
180.67015,1
188.02737,1
191.99753,1
192.99536,1
192.63791,1
192.91463,1
193.50284,1
192.4149,1
190.0982,1
188.0713,1
186.98685,1
188.96121,1
191.60684,1
193.57727,1
193.55449,1
192.61394,1
191.85603,1
191.41437,1
190.50577,1
189.36172,1
188.33952,1
187.98889,1
188.26913,1
189.20511,1
190.58656,1
190.25519,1
187.3114,1
183.3062,1
181.06137,1
179.7732,1
177.56863,1
175.25916,1
173.60448,1
173.23181,1
173.19922,1
172.77765,1
176.27176,1
182.3802,1
187.43668,1
190.03963,1
190.02646,1
188.04878,1
186.3943,1
185.71889,1
185.37396,1
184.84734,1
184.02573,1
184.97531,1
187.0694,1
188.42117,1
188.2969,1
188.01971,1
187.95364,1
187.53854,1
186.38162,1
184.1181,1
180.15324,1
176.61244,1
179.72095,1
183.45708,1
185.3636,1
185.15807,1
183.19617,1
180.30862,1
177.84888,1
176.2562,1
175.46207,1
174.2847,1
172.73447,1
170.4157,1
167.17303,1
165.98003,1
171.7073,1
182.84392,1
192.49715,1
197.9834,1
199.13315,1
199.01973,1
198.93524,1
198.47958,1
197.99884,1
198.27875,1
199.25627,1
199.5553,1
198.36134,1
197.22311,1
196.92912,1
197.27666,1
199.54738,1
202.32169,1
204.52444,1
205.87927,1
206.24203,1
205.73785,1
205.09674,1
204.72784,1
204.26825,1
202.49066,1
201.03491,1
202.19736,1
203.13708,1
203.71204,1
203.48569,1
202.35654,1
200.88551,1
200.18576,1
199.47673,1
199.13458,1
199.07446,1
199.17972,1
198.63705,1
198.54733,1
198.85106,1
199.68852,1
200.82698,1
201.95796,1
203.43971,1
205.0906,1
204.96669,1
203.97739,1
203.3284,1
202.97513,1
202.65604,1
201.07666,1
198.89075,1
198.3667,1
197.4133,1
195.51073,1
194.126,1
193.04306,1
192.05267,1
191.94138,1
191.33356,1
189.4949,1
186.62216,1
182.58618,1
178.9947,1
175.6792,1
172.61264,1
171.02176,1
171.05121,1
170.22034,1
168.29886,1
167.3782,1
167.48367,1
168.24829,1
168.96198,1
169.54662,1
173.03448,1
179.00537,1
183.83609,1
186.29428,1
186.6064,1
185.854,1
184.72882,1
184.4223,1
185.151,1
185.9829,1
185.5426,1
184.21164,1
183.57474,1
185.4425,1
191.94041,1
197.97614,1
200.93845,1
200.8591,1
199.48729,1
198.47958,1
197.97461,1
197.87698,1
198.34988,1
198.60419,1
198.80621,1
199.52469,1
199.90964,1
199.28136,1
198.17227,1
196.51843,1
194.40033,1
191.8663,1
190.23868,1
189.87819,1
190.52502,1
191.05734,1
193.56065,1
198.33672,1
202.2879,1
204.75867,1
205.9017,1
206.57996,1
207.22803,1
206.223,1
203.8662,1
202.08266,1
201.65201,1
201.69592,1
200.8979,1
200.70819,1
202.12242,1
203.25903,1
202.73549,1
201.52408,1
200.33481,1
200.19781,1
200.33047,1
198.76682,1
195.16351,1
190.81204,1
185.81796,1
180.78421,1
176.96936,1
173.17584,1
170.17108,1
170.35071,1
171.9956,1
172.80585,1
171.75311,1
169.57169,1
166.85928,1
165.82538,1
165.90112,1
165.62567,1
165.29913,1
171.59106,1
182.8049,1
193.03152,1
199.52011,1
202.94432,1
204.47426,1
205.40509,1
206.36346,1
208.10783,1
208.89423,1
208.22607,1
206.95618,1
205.57709,1
204.16994,1
203.64758,1
203.26358,1
202.58249,1
203.29356,1
204.0104,1
203.81296,1
203.28854,1
202.72606,1
201.68854,1
200.11395,1
198.79422,1
198.93613,1
201.10422,1
202.49632,1
203.22275,1
203.3269,1
203.92752,1
204.43188,1
204.66605,1
204.46332,1
203.84512,1
203.15646,1
202.3429,1
201.59152,1
200.05478,1
198.20264,1
198.75812,1
200.12149,1
201.63843,1
202.46906,1
202.16327,1
201.01256,1
199.5735,1
197.85785,1
196.45512,1
196.62845,1
199.12497,1
200.91379,1
201.08469,1
200.11154,1
199.11688,1
198.28027,1
197.7644,1
197.61447,1
197.57672,1
197.608,1
197.12585,1
196.9047,1
196.52037,1
194.81284,1
193.28455,1
193.79465,1
195.18317,1
196.17067,1
196.83481,1
197.21909,1
197.07974,1
196.048,1
193.38257,1
192.09933,1
194.1958,1
197.01779,1
200.28549,1
203.31387,1
205.34766,1
205.7326,1
204.24225,1
203.1557,1
203.64621,1
203.49847,1
202.35019,1
200.39348,1
198.6846,1
197.46255,1
196.81728,1
196.4497,1
196.60365,1
197.19666,1
197.56091,1
197.94386,1
198.10086,1
197.85223,1
197.79033,1
197.06007,1
196.47115,1
197.81093,1
199.06909,1
199.50572,1
199.49722,1
198.6075,1
197.98611,1
198.14355,1
197.60413,1
196.6777,1
196.23618,1
196.09299,1
194.93631,1
193.6739,1
194.66782,1
197.78864,1
200.70932,1
201.66714,1
200.75551,1
198.93452,1
197.03433,1
195.5039,1
195.01187,1
194.39447,1
192.37152,1
189.63727,1
188.29529,1
188.80057,1
188.22899,1
187.82382,1
187.49994,1
185.66446,1
182.88806,1
180.28302,1
178.48502,1
177.35919,1
176.4162,1
176.64087,1
177.86713,1
180.24438,1
183.79312,1
185.78827,1
185.23746,1
183.11383,1
180.9565,1
179.74783,1
179.17538,1
178.99701,1
177.56049,1
174.9183,1
172.07574,1
169.20747,1
166.11836,1
163.26617,1
164.98334,1
175.43318,1
187.17842,1
195.51878,1
199.29733,1
200.2556,1
200.14438,1
199.00189,1
197.25412,1
196.28363,1
195.69104,1
194.6608,1
193.11055,1
190.93489,1
189.28378,1
189.7782,1
192.44405,1
194.05518,1
194.33076,1
193.64423,1
192.48547,1
191.31958,1
190.3175,1
189.94409,1
189.73611,1
189.3996,1
191.53148,1
194.24808,1
195.89108,1
196.09311,1
195.21913,1
193.92917,1
193.16022,1
193.19736,1
192.71086,1
191.54695,1
190.07803,1
188.07526,1
185.90134,1
186.31528,1
191.70602,1
196.63351,1
199.66893,1
201.55626,1
201.43552,1
200.14178,1
198.40451,1
196.18893,1
194.56963,1
193.80571,1
193.214,1
193.32047,1
194.79935,1
196.73004,1
197.7911,1
197.03372,1
194.50839,1
191.90002,1
190.09744,1
188.02191,1
185.69666,1
184.67596,1
186.578,1
190.08887,1
192.7626,1
194.1676,1
194.47145,1
193.31949,1
192.25739,1
191.03316,1
188.93585,1
186.8826,1
185.76688,1
184.6167,1
183.38116,1
181.80096,1
181.34467,1
184.5599,1
190.16959,1
194.73984,1
197.37595,1
198.04764,1
197.60939,1
197.11946,1
195.7649,1
194.3505,1
193.57016,1
193.0116,1
192.22778,1
191.56432,1
190.84238,1
190.00752,1
190.33679,1
191.20108,1
191.86649,1
191.42792,1
190.31094,1
188.70505,1
186.80981,1
184.1023,1
181.0589,1
178.17386,1
176.6072,1
176.40164,1
176.74289,1
177.68362,1
177.66037,1
176.2306,1
174.23611,1
172.4161,1
170.58292,1
168.71478,1
167.28372,1
167.07434,1
166.47073,1
164.56387,1
164.69153,1
173.17413,1
182.72823,1
189.34851,1
193.46597,1
195.09528,1
194.83804,1
194.0698,1
193.62979,1
194.00304,1
195.43323,1
196.52972,1
196.7917,1
196.87363,1
197.59323,1
198.34158,1
198.16492,1
196.65701,1
195.4873,1
195.4096,1
195.24518,1
195.40607,1
196.2685,1
195.98024,1
195.14706,1
196.14392,1
197.31808,1
196.84653,1
194.33618,1
192.13745,1
190.32632,1
187.65253,1
185.3028,1
183.29126,1
180.72046,1
177.4189,1
174.4603,1
172.97873,1
172.71097,1
174.21593,1
179.69601,1
187.3303,1
193.33981,1
196.43997,1
197.62125,1
197.9915,1
198.86826,1
200.00352,1
199.62532,1
197.53677,1
195.62599,1
195.18213,1
196.01437,1
198.55225,1
200.38055,1
201.1934,1
200.29155,1
198.40927,1
196.96362,1
195.72281,1
194.54202,1
193.42798,1
192.58202,1
191.66444,1
189.76926,1
188.25467,1
187.73166,1
188.28152,1
189.23625,1
189.44781,1
187.93681,1
185.79929,1
184.9088,1
186.01932,1
187.63423,1
190.3063,1
193.28476,1
195.58286,1
196.73407,1
196.77248,1
196.45732,1
195.9524,1
195.34525,1
194.6583,1
193.65909,1
193.65274,1
193.56052,1
192.37032,1
190.94354,1
190.51373,1
189.36157,1
187.00769,1
184.40778,1
183.10315,1
182.00424,1
180.49393,1
178.76611,1
178.75089,1
180.33405,1
182.42218,1
183.73683,1
184.56075,1
184.31557,1
182.34802,1
179.595,1
177.74417,1
176.16495,1
174.6874,1
173.73035,1
172.90508,1
175.65863,1
180.88248,1
184.14339,1
186.25323,1
187.12268,1
186.44493,1
184.3162,1
183.09897,1
183.34383,1
183.73042,1
183.19809,1
182.35953,1
182.93176,1
186.32408,1
190.49026,1
192.83469,1
192.06052,1
188.56949,1
184.95349,1
183.20187,1
182.12808,1
181.07979,1
180.31987,1
181.66382,1
182.56696,1
183.19534,1
182.95306,1
181.72134,1
181.03201,1
181.1644,1
181.21318,1
180.08096,1
178.59145,1
178.00565,1
179.03711,1
180.86665,1
181.82825,1
183.21274,1
185.5358,1
188.63034,1
191.0558,1
190.66629,1
188.58743,1
187.06091,1
186.55814,1
185.92831,1
184.82489,1
183.37062,1
182.88367,1
186.67892,1
192.62665,1
196.44547,1
197.46173,1
195.66553,1
194.05182,1
193.55853,1
193.1122,1
191.8139,1
189.47871,1
188.2295,1
190.0885,1
192.50763,1
193.75937,1
193.58484,1
191.50693,1
188.48944,1
186.04407,1
183.51123,1
181.79205,1
180.84213,1
181.11215,1
181.40552,1
182.35062,1
181.1677,1
179.63887,1
178.41978,1
176.82603,1
175.92557,1
175.35983,1
175.45367,1
176.51155,1
178.2154,1
178.9194,1
178.10413,1
177.64969,1
179.68929,1
181.52835,1
183.61163,1
185.48218,1
186.32233,1
185.75949,1
184.73917,1
184.66452,1
185.60802,1
187.40765,1
189.41803,1
189.67752,1
181.65956,1
173.49982,1
167.87569,1
164.96962,1
163.55872,1
162.63066,1
161.83305,1
160.61636,1
160.75726,1
162.43257,1
164.03731,1
166.9748,1
170.63731,1
172.87654,1
174.25574,1
175.2531,1
176.39548,1
176.78357,1
175.48343,1
173.47804,1
172.50465,1
172.38669,1
173.4089,1
175.20134,1
176.2359,1
176.45877,1
176.30283,1
175.32545,1
173.40996,1
172.02899,1
171.97212,1
171.36578,1
171.63217,1
173.73352,1
173.9552,1
167.36412,1
162.39128,1
160.31126,1
159.57156,1
158.43936,1
157.758,1
158.40042,1
159.53464,1
161.18698,1
162.35048,1
162.9265,1
164.27673,1
165.56104,1
164.26022,1
161.71098,1
160.0503,1
159.65372,1
158.13876,1
157.47781,1
157.83168,1
158.53964,1
159.38342,1
161.95865,1
164.87045,1
166.0397,1
166.02649,1
165.60297,1
164.93661,1
162.62924,1
159.81982,1
158.04712,1
156.77191,1
156.43152,1
157.18222,1
160.3993,1
161.89488,1
159.23132,1
156.6087,1
155.49185,1
155.90147,1
155.77596,1
153.89615,1
152.09268,1
152.09271,1
154.49055,1
156.38254,1
158.58908,1
159.63995,1
157.51254,1
158.00586,1
159.58664,1
161.82855,1
163.2,1
162.83716,1
161.9762,1
159.17831,1
156.54965,1
155.65024,1
158.2282,1
165.06476,1
171.41988,1
176.41235,1
178.49225,1
177.36508,1
173.94124,1
169.75652,1
167.37643,1
166.23547,1
166.28302,1
168.26984,1
172.01657,1
174.52936,1
175.15472,1
174.29456,1
171.95581,1
168.33435,1
164.98744,1
162.1105,1
159.98555,1
158.82285,1
157.5524,1
156.5798,1
157.26576,1
157.57509,1
158.5039,1
159.37129,1
159.18521,1
162.87598,1
170.03839,1
172.51653,1
172.37308,1
171.17734,1
169.10757,1
167.13824,1
166.00133,1
165.11227,1
164.39404,1
163.73625,1
162.34415,1
159.71994,1
158.08783,1
161.1319,1
163.83269,1
165.15083,1
164.97908,1
163.58401,1
161.6733,1
160.37897,1
159.80301,1
158.78534,1
157.56207,1
157.14142,1
157.9306,1
160.89178,1
162.84268,1
164.44818,1
164.68872,1
164.33765,1
162.99129,1
161.14276,1
159.07312,1
156.15007,1
155.21341,1
156.48476,1
159.13498,1
166.18726,1
173.76062,1
176.7137,1
178.26492,1
178.92188,1
177.95894,1
174.58783,1
170.13834,1
166.34846,1
164.76836,1
164.38873,1
166.22968,1
170.72955,1
174.01926,1
174.59311,1
173.51959,1
171.11546,1
168.35255,1
166.51935,1
165.48428,1
165.60869,1
165.76054,1
164.44205,1
161.82358,1
160.07452,1
159.26846,1
158.72327,1
157.05353,1
155.09534,1
154.80722,1
154.12445,1
152.86893,1
152.56293,1
154.27997,1
158.71744,1
160.37378,1
162.83507,1
166.66064,1
168.32755,1
165.25888,1
162.32861,1
159.35017,1
158.07513,1
156.78485,1
155.52412,1
160.34442,1
165.98187,1
169.20453,1
170.33122,1
168.90704,1
165.00998,1
162.91264,1
161.57312,1
159.26285,1
159.10779,1
160.35709,1
159.9925,1
158.7663,1
160.1577,1
162.9865,1
163.42291,1
159.10477,1
156.40018,1
152.6319,1
149.09798,1
148.76062,1
148.54643,1
149.23755,1
149.83073,1
150.5712,1
152.33038,1
154.88391,1
156.61563,1
154.65256,1
150.39503,1
147.93433,1
147.25742,1
147.15407,1
149.06293,1
154.74748,1
159.90958,1
163.46439,1
164.91902,1
163.26761,1
160.39114,1
157.43456,1
153.81345,1
150.54422,1
149.10185,1
154.65373,1
160.88243,1
162.88928,1
162.72064,1
160.69785,1
157.03308,1
154.48582,1
152.90196,1
151.37573,1
148.8042,1
146.28781,1
143.68149,1
146.10663,1
151.92877,1
156.14978,1
158.68549,1
158.55278,1
155.79861,1
153.41281,1
152.28952,1
150.81754,1
149.44635,1
147.25235,1
146.08203,1
151.47263,1
157.29816,1
158.69116,1
157.97787,1
156.10066,1
153.34529,1
151.97075,1
151.43213,1
148.57932,1
144.45627,1
140.41214,1
142.73233,1
153.01715,1
160.1555,1
163.6001,1
163.40234,1
160.72687,1
158.69177,1
157.06674,1
154.22095,1
151.2073,1
147.40823,1
144.03842,1
146.85533,1
153.32224,1
157.18306,1
158.45975,1
157.28316,1
153.02344,1
150.27805,1
148.82776,1
147.17433,1
147.0367,1
149.10364,1
156.94017,1
166.7386,1
172.09853,1
172.34254,1
168.42252,1
163.07411,1
159.07808,1
156.6376,1
154.18488,1
151.86441,1
155.54948,1
164.55551,1
168.28625,1
169.04987,1
168.76608,1
167.17422,1
165.09433,1
163.23883,1
160.5642,1
157.849,1
155.88431,1
156.77594,1
160.58946,1
165.27786,1
168.53186,1
169.6779,1
167.94394,1
164.57303,1
161.62636,1
156.11084,1
150.11415,1
147.00113,1
150.57816,1
160.39987,1
167.36554,1
169.86983,1
168.48563,1
164.15239,1
159.72607,1
156.86285,1
153.87381,1
151.44734,1
148.91905,1
152.00063,1
162.17249,1
169.33838,1
171.82245,1
171.4902,1
169.2457,1
166.12938,1
163.99123,1
162.35298,1
160.7969,1
159.07083,1
160.85971,1
166.91003,1
171.72055,1
173.39445,1
171.95526,1
168.07312,1
163.5221,1
159.14555,1
154.4411,1
152.37708,1
153.78976,1
161.08517,1
168.78055,1
172.09114,1
171.11789,1
167.478,1
163.49896,1
160.63403,1
157.30484,1
154.47137,1
152.3469,1
150.22922,1
153.43364,1
159.81833,1
163.35524,1
164.16385,1
162.12576,1
158.55833,1
154.48712,1
151.02342,1
147.53812,1
144.13849,1
146.02403,1
152.75827,1
162.45593,1
168.07558,1
169.65509,1
168.63162,1
165.31885,1
161.87253,1
158.7109,1
154.8335,1
151.85179,1
151.14478,1
154.25774,1
161.15877,1
165.95804,1
167.68652,1
167.41122,1
165.15643,1
161.9224,1
159.719,1
156.87102,1
152.98102,1
150.64252,1
155.83444,1
163.22176,1
167.56183,1
168.89067,1
168.47168,1
167.21313,1
165.61243,1
163.14941,1
158.93875,1
154.4042,1
152.74756,1
156.10803,1
161.9125,1
165.61714,1
167.39551,1
168.22223,1
168.64008,1
167.0477,1
163.50989,1
160.02315,1
157.93835,1
161.55527,1
168.27292,1
171.34988,1
171.79721,1
170.0448,1
167.34793,1
165.62656,1
163.62514,1
160.39978,1
157.34386,1
156.52614,1
163.67963,1
170.23206,1
172.8537,1
172.34335,1
168.97516,1
164.8982,1
161.75845,1
160.37595,1
159.38623,1
157.68767,1
155.41394,1
153.69461,1
157.75717,1
162.48505,1
164.34546,1
165.07571,1
164.24771,1
161.06522,1
158.37552,1
155.5718,1
151.87372,1
149.56134,1
149.03873,1
153.9783,1
157.99844,1
160.09554,1
159.7287,1
157.43701,1
154.64151,1
152.39487,1
150.37985,1
147.13718,1
144.34773,1
143.8998,1
154.966,1
165.01794,1
170.02556,1
172.05743,1
171.46463,1
169.62198,1
168.15897,1
166.59499,1
164.0264,1
161.34789,1
161.80293,1
166.99585,1
170.74403,1
171.89882,1
171.08777,1
168.68257,1
165.04138,1
162.54135,1
159.65578,1
158.12564,1
157.79166,1
160.0481,1
165.05614,1
168.91801,1
171.0156,1
171.02377,1
169.13927,1
166.13351,1
162.10219,1
156.62277,1
152.52623,1
151.96613,1
156.40741,1
166.36435,1
168.5747,1
167.63168,1
166.54236,1
165.76376,1
165.23108,1
163.34894,1
160.41592,1
160.14726,1
159.98254,1
158.93533,1
156.56104,1
155.30759,1
155.48216,1
156.15985,1
156.89572,1
158.15996,1
157.3011,1
155.94104,1
154.86263,1
152.16882,1
150.71027,1
149.80988,1
149.35391,1
150.12723,1
151.53802,1
152.31183,1
152.29932,1
150.81683,1
147.70114,1
144.12631,1
142.10616,1
140.41837,1
138.27473,1
135.12148,1
131.93777,1
130.27254,1
130.07866,1
130.36328,1
130.9664,1
132.22157,1
134.15016,1
135.29141,1
134.45882,1
131.32672,1
126.73813,1
121.48021,1
117.74313,1
115.40056,1
114.32954,1
114.92895,1
115.48802,1
115.878006,1
116.09807,1
115.759834,1
115.0376,1
113.89331,1
111.69707,1
109.96031,1
108.75366,1
106.515015,1
104.09503,1
102.21968,1
101.26018,1
99.85727,1
97.51238,1
94.852036,1
92.07893,1
90.31783,1
89.83823,1
89.803566,1
89.87451,1
90.27138,1
90.06882,1
88.69454,1
86.95401,1
84.81978,1
81.49899,1
78.05202,1
75.37308,1
72.60185,1
69.69872,1
68.64447,1
69.34753,1
68.84407,1
67.41736,1
66.17692,1
64.893,1
63.60274,1
61.4741,1
60.065018,1
60.035835,1
60.042667,1
59.0194,1
57.44057,1
55.866364,1
74.7465,1
124.87282,1
154.38118,1
172.69907,1
185.15192,1
194.56503,1
201.39142,1
204.74568,1
203.98618,1
201.2876,1
200.93732,1
202.46063,1
204.07141,1
205.05408,1
205.75027,1
206.01492,1
205.45181,1
204.41486,1
202.34164,1
199.38434,1
197.03528,1
196.65211,1
197.70071,1
198.5026,1
198.59587,1
198.56595,1
198.4982,1
198.56189,1
199.31293,1
199.48312,1
198.30408,1
197.14543,1
196.5402,1
196.30353,1
196.04071,1
196.07436,1
196.06133,1
195.84296,1
195.6461,1
195.77254,1
195.99176,1
195.7239,1
195.04373,1
194.00934,1
192.67667,1
191.18503,1
189.27884,1
188.01926,1
186.96695,1
185.18991,1
183.58328,1
182.75745,1
182.1488,1
181.18353,1
179.39336,1
176.39595,1
173.27713,1
171.2814,1
169.30505,1
167.0553,1
166.23541,1
166.57704,1
166.4041,1
165.54503,1
165.1051,1
165.37183,1
164.60742,1
163.74316,1
163.86584,1
163.62823,1
162.7923,1
162.22208,1
161.8218,1
160.34296,1
157.85405,1
155.70454,1
154.58298,1
153.7442,1
152.61884,1
151.79486,1
150.63419,1
148.23486,1
145.50967,1
143.32349,1
141.0266,1
138.84613,1
136.74242,1
147.0827,1
163.14175,1
174.33322,1
182.36143,1
188.52496,1
193.01392,1
197.0657,1
200.06245,1
201.74112,1
202.25682,1
201.53171,1
201.46257,1
202.60521,1
203.40756,1
203.58208,1
203.57329,1
203.32446,1
202.76373,1
202.05255,1
201.45853,1
201.19711,1
200.58682,1
200.72116,1
201.63654,1
202.33984,1
201.95627,1
200.9249,1
200.45653,1
200.71255,1
200.30078,1
199.08376,1
198.1171,1
197.77454,1
196.99551,1
195.6802,1
195.25226,1
196.18079,1
196.7347,1
196.53735,1
196.3949,1
196.56693,1
196.43663,1
195.78091,1
194.80243,1
193.98584,1
192.89514,1
190.81271,1
189.21037,1
188.71432,1
189.582,1
190.06396,1
188.69063,1
187.71793,1
187.76677,1
187.37012,1
185.30806,1
182.67871,1
181.2844,1
180.80737,1
180.45189,1
179.98584,1
180.32172,1
180.59027,1
179.73965,1
178.42578,1
176.98068,1
176.04404,1
175.03867,1
172.8484,1
170.8702,1
170.69208,1
170.78305,1
171.08179,1
170.61816,1
169.54773,1
169.54572,1
169.26712,1
168.17603,1
166.6445,1
165.28674,1
164.1441,1
163.36111,1
162.56415,1
161.94737,1
161.65424,1
160.64197,1
159.68689,1
161.48088,1
163.92865,1
163.43558,1
163.1124,1
166.88525,1
174.1847,1
181.42615,1
185.23686,1
186.40115,1
187.01257,1
188.75967,1
189.89526,1
189.4958,1
188.14236,1
187.39542,1
187.17325,1
187.27444,1
187.93541,1
188.79337,1
189.4124,1
189.1991,1
188.81651,1
188.85016,1
189.7374,1
190.51993,1
191.0073,1
191.92798,1
192.17506,1
191.53622,1
190.69107,1
189.67941,1
188.26248,1
186.51686,1
184.56165,1
183.14548,1
182.36734,1
181.63751,1
181.22678,1
180.64714,1
179.9259,1
179.36288,1
178.40219,1
176.61023,1
174.52435,1
173.69458,1
174.31827,1
174.8503,1
174.7066,1
174.46384,1
174.07047,1
172.84827,1
171.0905,1
169.41623,1
167.99313,1
167.50328,1
167.62384,1
167.26216,1
166.15105,1
165.55258,1
165.44386,1
165.55759,1
165.20486,1
164.44139,1
163.85782,1
163.64377,1
163.20181,1
162.27444,1
160.95924,1
159.33043,1
158.28906,1
158.04697,1
157.70682,1
157.08997,1
156.20825,1
154.93378,1
154.17885,1
153.46634,1
153.05719,1
152.38249,1
151.25519,1
150.11838,1
148.97556,1
147.7301,1
146.4917,1
145.5355,1
145.27383,1
145.04266,1
144.71542,1
144.13306,1
143.78076,1
144.15472,1
145.01978,1
145.70529,1
145.4674,1
145.05978,1
144.71243,1
144.62236,1
144.10388,1
142.34476,1
140.60034,1
140.42297,1
140.91087,1
141.31726,1
140.35147,1
138.40047,1
146.99284,1
163.74962,1
175.31323,1
180.69687,1
184.15678,1
186.56366,1
188.03618,1
189.27759,1
190.41089,1
192.24138,1
194.53812,1
195.92688,1
196.46246,1
196.72293,1
196.98456,1
197.04037,1
196.85336,1
196.93405,1
197.21616,1
196.996,1
196.72748,1
196.55952,1
196.379,1
196.14362,1
196.61105,1
197.99672,1
199.57288,1
200.73413,1
200.61832,1
199.64725,1
198.51242,1
197.4326,1
196.53992,1
195.81337,1
195.30217,1
195.06778,1
194.72632,1
193.46472,1
191.40643,1
189.49078,1
188.67558,1
188.86957,1
189.48532,1
190.45584,1
191.4943,1
192.42397,1
192.73376,1
192.61903,1
192.47226,1
192.37144,1
191.86597,1
190.66495,1
188.83484,1
187.40474,1
186.88977,1
186.62804,1
185.90117,1
185.00003,1
184.53625,1
185.07208,1
185.95946,1
186.48926,1
186.50009,1
185.99405,1
185.1471,1
184.30077,1
184.55502,1
185.33037,1
185.55061,1
184.72461,1
182.80954,1
180.99324,1
180.2073,1
180.38237,1
180.45459,1
179.7501,1
178.551,1
177.35875,1
176.49059,1
175.6876,1
175.11646,1
174.66016,1
174.40335,1
174.4205,1
174.053,1
173.58734,1
173.24466,1
172.80542,1
172.03217,1
171.07251,1
170.52716,1
170.11461,1
169.13489,1
167.8785,1
166.40822,1
164.40842,1
162.90387,1
162.74475,1
162.8995,1
162.43402,1
161.0204,1
159.17255,1
157.65631,1
157.35242,1
157.78064,1
158.05222,1
157.88403,1
157.47101,1
156.95374,1
156.43408,1
156.38428,1
156.44005,1
156.36224,1
155.88458,1
155.25122,1
154.62791,1
153.89806,1
152.53363,1
150.4161,1
147.93997,1
145.86443,1
145.48145,1
146.34221,1
146.9956,1
146.86853,1
146.27237,1
145.80444,1
145.56319,1
145.46841,1
145.20627,1
144.71031,1
143.89499,1
142.65344,1
141.22443,1
140.2908,1
140.66666,1
141.23578,1
141.37262,1
141.17006,1
140.83421,1
140.40292,1
139.89569,1
139.26715,1
138.49873,1
138.10388,1
137.87904,1
137.55954,1
137.64372,1
137.7282,1
137.86987,1
137.81949,1
137.41486,1
136.97661,1
136.71857,1
136.75717,1
136.66452,1
136.03806,1
135.0665,1
134.04535,1
133.02103,1
132.93604,1
133.65671,1
134.39958,1
135.04335,1
135.66638,1
136.06018,1
136.25684,1
136.42354,1
136.59964,1
136.40523,1
135.74805,1
135.02892,1
134.66653,1
134.60114,1
134.42255,1
134.0539,1
133.71286,1
133.53064,1
133.19043,1
132.47308,1
131.38686,1
129.9299,1
128.28583,1
127.27189,1
127.15675,1
127.97319,1
129.2846,1
130.34875,1
131.1193,1
131.52106,1
131.66803,1
131.70746,1
131.61212,1
131.23825,1
130.57751,1
129.57442,1
128.09335,1
126.392075,1
125.27179,1
125.47684,1
126.56272,1
127.35507,1
127.575,1
127.44911,1
127.19559,1
126.72172,1
125.95801,1
125.04703,1
124.34737,1
124.30164,1
124.52496,1
124.77613,1
124.99991,1
125.199005,1
125.284546,1
124.87923,1
123.8967,1
122.469894,1
121.59718,1
122.31261,1
123.26029,1
123.812416,1
124.34734,1
125.264984,1
126.02748,1
126.52354,1
126.77033,1
126.92792,1
127.268936,1
127.468155,1
127.58418,1
127.5061,1
127.102356,1
126.348816,1
125.10489,1
123.8914,1
123.67555,1
124.62062,1
126.110954,1
127.64944,1
128.93646,1
129.7952,1
130.31537,1
130.4689,1
130.02068,1
129.19746,1
129.04196,1
129.69502,1
130.27147,1
130.30101,1
129.84996,1
129.23996,1
128.5917,1
127.99931,1
128.0929,1
128.62408,1
129.30682,1
129.82913,1
129.99553,1
129.57826,1
128.67755,1
127.80924,1
127.73068,1
128.40419,1
128.89247,1
129.30779,1
129.43895,1
129.3198,1
129.12236,1
128.87022,1
128.69307,1
128.66235,1
128.7531,1
128.98547,1
129.60794,1
130.13673,1
130.40498,1
130.44609,1
130.32089,1
129.85245,1
128.92764,1
127.584625,1
126.11499,1
124.798965,1
123.40257,1
121.872536,1
120.86464,1
120.96159,1
121.36659,1
121.8776,1
122.15361,1
121.79025,1
121.18524,1
121.138306,1
121.46684,1
121.640686,1
121.77983,1
122.006485,1
122.05822,1
121.51309,1
120.33413,1
119.20143,1
118.783966,1
118.580215,1
118.18793,1
117.53493,1
116.68126,1
115.66532,1
114.50789,1
113.26781,1
112.65089,1
113.10566,1
113.934204,1
114.61854,1
114.75417,1
114.219406,1
113.21595,1
112.44393,1
112.20198,1
112.17114,1
112.419846,1
112.549706,1
112.728195,1
112.83127,1
112.570465,1
112.00015,1
111.264244,1
110.581436,1
110.19719,1
109.99016,1
109.60591,1
109.183464,1
108.84636,1
108.450455,1
107.88077,1
106.96472,1
105.82997,1
105.51152,1
106.01339,1
106.46422,1
106.68715,1
107.0184,1
107.60274,1
108.046814,1
108.38614,1
108.97346,1
109.776085,1
110.70742,1
111.34173,1
111.66232,1
111.51634,1
110.95514,1
110.478165,1
110.350525,1
110.30936,1
110.470215,1
111.01398,1
111.41467,1
111.24411,1
110.74144,1
110.351746,1
109.9453,1
109.38153,1
108.781525,1
108.448395,1
108.477646,1
108.67734,1
108.97338,1
109.41112,1
110.026794,1
110.612785,1
110.85303,1
110.717316,1
110.28171,1
109.4811,1
108.527466,1
107.77994,1
107.17499,1
106.31029,1
105.10512,1
104.12109,1
103.860146,1
103.830864,1
103.578026,1
103.12608,1
102.33043,1
101.302864,1
100.44792,1
100.65415,1
101.72201,1
102.66406,1
103.41417,1
104.299255,1
104.97865,1
105.111465,1
104.783195,1
103.92467,1
102.65567,1
101.45301,1
100.51791,1
100.369514,1
100.95621,1
101.56413,1
101.847336,1
101.678085,1
101.0341,1
99.90567,1
98.778015,1
97.70302,1
96.487274,1
95.04972,1
94.21413,1
94.71163,1
95.3053,1
95.27755,1
95.27961,1
95.79749,1
96.50112,1
96.98854,1
97.11352,1
96.914215,1
96.48496,1
96.17824,1
95.9891,1
95.74082,1
95.331024,1
94.70984,1
93.73289,1
92.323845,1
90.888275,1
89.916,1
88.966194,1
87.40203,1
85.85258,1
86.02172,1
87.70903,1
89.459885,1
90.93097,1
92.15455,1
93.03007,1
93.6396,1
93.823265,1
93.43591,1
92.65728,1
91.841896,1
91.29787,1
90.915054,1
90.28128,1
89.1088,1
87.462425,1
86.04117,1
85.61756,1
85.90088,1
86.332985,1
86.96179,1
87.62084,1
88.46735,1
89.63692,1
90.78491,1
91.719154,1
92.38304,1
92.96269,1
93.50994,1
93.792854,1
93.614815,1
92.95639,1
91.77931,1
90.3249,1
89.58455,1
90.02513,1
91.34172,1
92.78844,1
94.01703,1
94.73602,1
94.94256,1
94.69895,1
93.979454,1
93.16061,1
92.94815,1
93.48166,1
94.082504,1
94.55613,1
94.99858,1
95.09134,1
94.61731,1
93.78613,1
92.816635,1
91.95126,1
91.961395,1
93.20096,1
94.4577,1
94.98349,1
94.90282,1
94.714966,1
94.87796,1
95.391785,1
95.62467,1
95.25935,1
94.18945,1
93.15169,1
93.06407,1
92.740616,1
91.947266,1
91.27058,1
91.03099,1
91.316025,1
91.63765,1
91.557304,1
91.37215,1
91.84502,1
92.405,1
92.88906,1
93.34747,1
93.59142,1
93.269806,1
92.370766,1
91.309975,1
90.50934,1
89.93703,1
89.51166,1
89.45228,1
89.503784,1
89.23532,1
88.49053,1
87.49515,1
86.57854,1
86.21646,1
86.22155,1
86.25977,1
86.74269,1
87.50124,1
87.91868,1
88.20479,1
88.74927,1
89.20529,1
89.26344,1
88.959045,1
88.61751,1
87.8607,1
86.60885,1
85.73334,1
85.646454,1
86.35016,1
87.68039,1
88.56816,1
88.918655,1
88.919395,1
88.83478,1
88.69548,1
88.46739,1
88.30119,1
88.659225,1
89.22229,1
89.319824,1
89.24321,1
89.21593,1
89.1509,1
88.90839,1
88.146,1
86.62323,1
84.537445,1
83.5823,1
84.75646,1
86.44538,1
87.67858,1
88.52015,1
89.10779,1
89.52777,1
89.323044,1
88.49843,1
87.49568,1
87.04706,1
87.32675,1
87.740845,1
87.904686,1
87.437195,1
86.20686,1
84.563866,1
83.39272,1
83.33774,1
83.754295,1
84.107315,1
84.329254,1
84.67116,1
85.15089,1
85.717865,1
86.22322,1
86.711945,1
86.77662,1
86.38097,1
85.87128,1
85.30231,1
84.327286,1
83.02011,1
81.87172,1
81.30309,1
81.55337,1
82.45865,1
83.1452,1
83.70691,1
84.1546,1
84.28242,1
83.89849,1
83.30194,1
82.917465,1
82.67111,1
82.7452,1
83.005646,
83.532074,
84.17447,
84.956924,
85.69547,
85.84095,
85.52292,
85.71509,
86.64666,
87.35075,
87.63997,
87.61063,
87.287155,
86.47372,
85.56077,
85.51167,
86.04874,
86.51631,
85.731125,
82.71126,
76.903755,
69.084755,
62.852745,
61.874886,
62.839775,
63.50566,
63.466034,
62.175404,
59.84916,
57.728474,
56.870026,
56.60257,
55.882515,
53.915283,
50.605026,
46.55838,
43.666153,
42.855156,
42.31668,
43.842415,
44.605225,
43.75212,
41.962486,
41.1329,
41.37217,
40.545025,
38.30749,
36.527985,
35.77455,
35.230785,
34.21307,
33.475456,
32.188137,
31.220997,
31.076235,
29.802925,
27.905964,
26.681767,
26.839552,
27.128483,
26.26099,
24.803402,
23.465008,
22.37926,
21.148056,
18.809574,
15.81711,
13.555588,
12.332726,
11.569636,
11.345083,
10.888561,
10.224276,
10.363104,
10.449887,
10.388648,
9.88678,
9.042707,
8.551749,
8.574359,
8.783073,
8.998531,
9.199034,
9.505171,
9.815876,
9.949787,
9.720499,
8.916231,
7.9117327,
7.7002196,
8.002203,
8.102607,
7.868128,
7.5422916,
7.288524,
7.195266,
7.3087397,
7.790185,
8.207259,
8.158338,
8.212099,
8.495527,
8.566658,
8.464537,
7.9507904,
7.310315,
7.0474176,
6.7508945,
6.388072,
6.6437597,
7.0870447,
7.1525564,
6.956938,
6.718438,
6.9815655,
7.1029196,
6.8993573,
6.2978563,
6.009089,
6.1397753,
6.369259,
7.1705256,
7.7389913,
7.3884387,
6.6107683,
6.411481,
6.940983,
7.5076027,
7.719714,
7.4053965,
6.947229,
6.972172,
6.6176076,
6.877451,
7.579655,
7.616535,
7.486683,
7.7626877,
8.512728,
9.271709,
9.518667,
8.964813,
7.945904,
7.4536324,
7.557844,
7.516327,
7.2507114,
6.726592,
6.7668147,
7.0400643,
7.049556,
7.0344496,
7.1662855,
7.1323953,
6.999581,
6.7691755,
6.733588,
6.5641823,
6.039563,
5.853879,
6.255968,
6.4653053,
6.0774164,
5.5132923,
5.0216675,
5.5088806,
6.3379583,
6.6692476,
6.571853,
6.18299,
6.172054,
6.3510027,
6.208926,
5.697383,
5.4812803,
5.865605,
5.9698486,
5.832985,
5.482444,
5.5047054,
6.217332,
7.100008,
7.661141,
7.7829103,
7.4315186,
6.7324734,
6.1501923,
5.70718,
5.270804,
4.9502654,
5.446254,
6.1021023,
6.440485,
6.720444,
7.0001383,
7.2183385,
7.1744933,
6.8029413,
6.074437,
5.342602,
5.912569,
6.596156,
6.7833853,
6.3552914,
5.912622,
6.362189,
7.0058336,
6.9583035,
6.58018,
6.294136,
6.2228904,
6.2861204,
6.47623,
7.0944138,
7.4049883,
6.995122,
6.2709165,
5.6479816,
5.7778807,
6.113289,
6.3309298,
6.3842883,
7.0220327,
7.5891647,
7.7636185,
7.5160313,
6.8464327,
6.570125,
7.009088,
7.17297,
6.932747,
6.6257143,
6.7581177,
7.0517473,
7.0387707,
6.7238445,
6.1990404,
5.1842375,
4.293737,
4.4850855,
5.30063,
5.8251534,
5.7271986,
5.1775055,
4.8185835,
4.788577,
4.6122046,
4.589525,
5.314543,
5.9379673,
6.137299,
6.142967,
6.169718,
6.652103,
6.693754,
6.3412366,
5.736268,
4.9841547,
4.4451036,
4.2596383,
4.225938,
3.995946,
3.5602536,
3.8057141,
4.4374847,
4.73637,
4.356408,
3.397305,
3.4724283,
4.176831,
4.890745,
5.2129183,
5.5278473,
5.500724,
4.9131403,
4.0026393,
3.543396,
3.3539796,
2.9935286,
2.870945,
3.400322,
4.6858077,
5.631711,
5.762642,
5.4948497,
5.216646,
4.91189,
4.73555,
4.753718,
4.950964,
5.333441,
5.924538,
6.3490963,
6.1792593,
5.416462,
4.8229237,
4.5855303,
4.466404,
4.331752,
4.7379084,
5.125851,
4.9580255,
4.3641553,
3.9043767,
4.1938443,
4.9272976,
5.193843,
5.1919584,
5.466859,
6.2052956,
6.630211,
6.1506863,
